pool_id,initial_marketcap,ath_marketcap,multiplier,marketcap_10s,marketcap_15s,marketcap_20s,marketcap_25s,marketcap_30s,marketcap_40s,marketcap_50s,marketcap_60s,marketcap_90s,marketcap_120s,marketcap_150s,marketcap_180s,marketcap_240s,marketcap_300s,marketcap_360s,marketcap_420s,marketcap_480s,marketcap_540s,marketcap_600s,token_amount_10s,sol_return_10s,roi_10s,token_amount_15s,sol_return_15s,roi_15s,token_amount_20s,sol_return_20s,roi_20s,token_amount_25s,sol_return_25s,roi_25s,token_amount_30s,sol_return_30s,roi_30s,token_amount_40s,sol_return_40s,roi_40s,token_amount_50s,sol_return_50s,roi_50s,token_amount_60s,sol_return_60s,roi_60s,token_amount_90s,sol_return_90s,roi_90s,token_amount_120s,sol_return_120s,roi_120s,token_amount_150s,sol_return_150s,roi_150s,token_amount_180s,sol_return_180s,roi_180s,token_amount_240s,sol_return_240s,roi_240s,token_amount_300s,sol_return_300s,roi_300s,token_amount_360s,sol_return_360s,roi_360s,token_amount_420s,sol_return_420s,roi_420s,token_amount_480s,sol_return_480s,roi_480s,token_amount_540s,sol_return_540s,roi_540s,token_amount_600s,sol_return_600s,roi_600s
13i8NqL286BQt4rwyWA8bojd9EfiTnNmhcF18eivaDUm,42781.01938473,332898.40284745,7.7814509246189845,42781.01938473,49930.84242093,59430.09594264,57327.37909172,64421.01786419,45804.7680363,34312.9712574,40719.23830898,35316.03289095,49616.73263394,29685.10630928,20187.62063825,26575.40238185,20889.36998295,17418.66019089,15078.92477332,10068.28482001,7779.27773337,9161.27370703,2.3374852081176305e-05,7.7814509246189845,7.7814509246189845,2.0027701346789618e-05,6.667189791051987,6.667189791051987,1.682649142894145e-05,5.601512122220915,5.601512122220915,1.7443672043685555e-05,5.806970563137635,5.806970563137635,1.552288419453668e-05,5.167543355947187,5.167543355947187,2.1831788324034433e-05,7.2677674643746695,7.2677674643746695,2.9143497731469062e-05,9.701823848194334,9.701823848194334,2.4558416157295003e-05,8.175457515226517,8.175457515226517,2.8315751179863055e-05,9.426268343202208,9.426268343202208,2.015449117493796e-05,6.709397922339872,6.709397922339872,3.368692668913856e-05,11.214324091653364,11.214324091653364,4.9535307697692445e-05,16.49022481711881,16.49022481711881,3.7628781142480926e-05,12.526561143428145,12.526561143428145,4.787123789832841e-05,15.936258638683848,15.936258638683848,5.7409696787299536e-05,19.111596368448396,19.111596368448396,6.631772590107731e-05,22.0770650329436,22.0770650329436,9.93217829925283e-05,33.06406292617369,33.06406292617369,0.00012854663816801382,42.79297053754085,42.79297053754085,0.00010915512754876424,36.33756762359331,36.33756762359331
26BcYnQcUxCpesk83wMeJs18s9BectD2T36aJDZaxHHQ,87272.8295863,2365497.67065532,27.10462903366953,87272.8295863,113523.01206748,135534.94475334,146468.69298101,167343.85130063,134574.34847049,127340.87730153,114616.46457198,363800.90560793,167062.90077885,1472953.61066577,1703479.48520154,1445939.64950358,462137.55340762,125183.13473202,83758.97983924,277508.33052176,404584.43757415,146574.6686474,1.1458319900251968e-05,27.10462903366953,27.10462903366953,8.808786710183334e-06,20.837164444238216,20.837164444238216,7.3781710083690936e-06,17.453046333993704,17.453046333993704,6.827397579970569e-06,16.15019307205815,16.15019307205815,5.975720005412803e-06,14.135551753292381,14.135551753292381,7.4308366443199544e-06,17.577626773159047,17.577626773159047,7.852937887588944e-06,18.576106280892557,18.576106280892557,8.72475000633083e-06,20.63837581702557,20.63837581702557,2.7487562141412174e-06,6.502176421750385,6.502176421750385,5.985769403847195e-06,14.159323581880424,14.159323581880424,6.789080068502655e-07,1.6059553087935492,1.6059553087935492,5.870337792073201e-07,1.388627037310905,1.388627037310905,6.915917966170441e-07,1.6359587839419456,1.6359587839419456,2.163857909028155e-06,5.118600843435193,5.118600843435193,7.988296523654754e-06,18.896296819209308,18.896296819209308,1.193901838249841e-05,28.241720173711034,28.241720173711034,3.6034954270375968e-06,8.524060038874532,8.524060038874532,2.4716719357667473e-06,5.846734206680366,5.846734206680366,6.822461269931982e-06,16.13851624216024,16.13851624216024
27yP2GNge5rNe64koTehUJmuexKYTxTnsPveyyYUZbx9,95295.04049488,821180.3428836,8.617241134681299,95295.04049488,88257.31562565,78700.54944432,85404.50104934,79483.83682591,57910.33247151,52283.59409327,68426.36430477,76067.93383975,109808.63577667,156511.42402102,175197.3356589,157279.06696007,165412.9228181,177379.63347063,225063.83215961,268050.61274933,310748.90767965,291751.40786131,1.0493725537098941e-05,8.617241134681299,8.617241134681299,1.13305054987348e-05,9.304388390495559,9.304388390495559,1.2706391595239013e-05,10.434239006991668,10.434239006991668,1.1708984745690145e-05,9.615188108284675,9.615188108284675,1.2581174235338648e-05,10.331412972453705,10.331412972453705,1.7268075614864886e-05,14.18020425435468,14.18020425435468,1.9126458640469037e-05,15.70627186452936,15.70627186452936,1.461425007977941e-05,12.000934891499936,12.000934891499936,1.314614384172271e-05,10.795354907542983,10.795354907542983,9.106751877273213e-06,7.478285629135085,7.478285629135085,6.3893099577555225e-06,5.24677574189928,5.24677574189928,5.70784935877648e-06,4.687173693568006,4.687173693568006,6.358125205904737e-06,5.2211674366817125,5.2211674366817125,6.045476876674698e-06,4.964426774482604,4.964426774482604,5.637625811001447e-06,4.629507496527602,4.629507496527602,4.443183919888218e-06,3.648655294828705,3.648655294828705,3.7306387392412315e-06,3.0635271990649557,3.0635271990649557,3.218032228872375e-06,2.6425848091158923,2.6425848091158923,3.427575576517425e-06,2.814657687184032,2.814657687184032
2B1Fh2X3rTQw8Whjq8FQvHAenzyfAG3vvHLopdt6Gaud,65259.21724713,561088.08305792,8.59783654672315,65259.21724713,68650.30900711,55639.75404663,73936.34319148,67794.71502033,76369.9291393,78107.06897134,74501.3612423,83984.54445345,123107.87829168,107559.60609794,127885.1083046,123842.22525806,202552.39268546,214781.87215692,350276.19036553,373293.50327241,307752.21134107,406208.05471091,1.532350589209647e-05,8.59783654672315,8.59783654672315,1.4566576821911051e-05,8.173132665722,8.173132665722,1.797276097162346e-05,10.084302000826407,10.084302000826407,1.3525148213108196e-05,7.588799483967129,7.588799483967129,1.4750412324915359e-05,8.276280575700675,8.276280575700675,1.3094159065880283e-05,7.346976609530253,7.346976609530253,1.280293849417051e-05,7.183576217202584,7.183576217202584,1.3422573538592273e-05,7.5312460564727,7.5312460564727,1.1906952719786064e-05,6.680849276606049,6.680849276606049,8.122956985991555e-06,4.557694364031941,4.557694364031941,9.297170529700854e-06,5.216531590372439,5.216531590372439,7.81951873253432e-06,4.387438776073178,4.387438776073178,8.074790306102944e-06,4.530668613945975,4.530668613945975,4.9369942598154445e-06,2.770088645307802,2.770088645307802,4.655886411444436e-06,2.612362381532777,2.612362381532777,2.8548900196626325e-06,1.6018447684736938,1.6018447684736938,2.6788572295892665e-06,1.5030748677360917,1.5030748677360917,3.249367390870632e-06,1.823181320494518,1.823181320494518,2.461792641486835e-06,1.3812825140979414,1.3812825140979414
2HFZH96bVNiRzQU7aivTr9v9rr5GkvGBraH9m1cd75cP,56900.3940136,438378.72326562,7.704317885054386,56900.3940136,47937.66103914,51449.18004732,57491.44083143,61551.26611928,61326.66304192,62558.16310203,61285.00273094,69431.84920552,4077.01125175,3765.73051623,2894.05999571,3391.7079637,3094.2516974,2985.15643784,2953.66760139,3167.22380009,2899.4026358,2911.66161924,1.757457074481744e-05,7.704317885054386,7.704317885054386,2.0860425359166414e-05,9.144766635729136,9.144766635729136,1.9436655726685198e-05,8.52061632201766,8.52061632201766,1.7393893517681852e-05,7.625112832899514,7.625112832899514,1.624661949377456e-05,7.122172311063225,7.122172311063225,1.6306121194242175e-05,7.148256590546351,7.148256590546351,1.598512408954588e-05,7.007538289617629,7.007538289617629,1.631720576713209e-05,7.153115831457777,7.153115831457777,1.4402612222525934e-05,6.313798757800733,6.313798757800733,0.0002452777140535886,107.52453113232201,107.52453113232201,0.0002655527249467479,116.4126645218617,116.4126645218617,0.0003455353384112101,151.47534049586022,151.47534049586022,0.00029483670489988296,129.25013826585305,129.25013826585305,0.00032317991482084916,141.67519844425567,141.67519844425567,0.0003349908190150263,146.8528475455116,146.8528475455116,0.000338562131882883,148.41843512090472,148.41843512090472,0.00031573392444562455,138.41103469011662,138.41103469011662,0.00034489863106718224,151.19622154329144,151.19622154329144,0.00034344650264031,150.55963933750147,150.55963933750147
2P6Hf8dHpF6jpARJURk4MEqc9oR7j7GA3LATepN5EjYW,79114.1665407,201464165172449.0,2546499242.5699954,79114.1665407,81993.98896394,77477.63470386,76334.00505897,78784.58345895,73822.42771077,71999.31527702,72246.69081627,81005.61135291,125569.46996785,125945.49481245,133153.94410755,138000.79400313,128126.47135731,159574.86835603,148605.23055175,171837.52232328,173104.11651576,190050.00733009,1.2639961257577726e-05,2546499242.5699954,2546499242.5699954,1.2196015984047175e-05,2457060178.655908,2457060178.655908,1.2906950551888481e-05,2600288017.8582926,2600288017.8582926,1.3100321399715291e-05,2639245314.2844095,2639245314.2844095,1.2692838574453351e-05,2557152127.070902,2557152127.070902,1.3546018886264686e-05,2729037386.3315425,2729037386.3315425,1.3889020974053203e-05,2798140015.600263,2798140015.600263,1.3841464414516816e-05,2788559073.034791,2788559073.034791,1.2344823812802156e-05,2487039623.6471553,2487039623.6471553,7.963719208626377e-06,1604404042.033709,1604404042.033709,7.939942603656736e-06,1599613908.1628654,1599613908.1628654,7.510104238386573e-06,1513016880.7446218,1513016880.7446218,7.2463351187480776e-06,1459876855.2583807,1459876855.2583807,7.804788420429304e-06,1572385183.4693866,1572385183.4693866,6.26665094762218e-06,1262505601.589839,1262505601.589839,6.729238239375175e-06,1355700364.14224,1355700364.14224,5.8194507606940936e-06,1172410789.2654088,1172410789.2654088,5.7768701295382345e-06,1163832317.9570777,1163832317.9570777,5.261773014631571e-06,1060058707.7196698,1060058707.7196698
2TTx8B2kryJYPpWkXacwEaZFcjM8DqZcd67kZZ5WcCtK,201869.68816239,2509437.63293982,12.430977903533263,201869.68816239,233412.57787692,282452.34598209,300333.38064212,321135.98517233,353930.38348656,327111.5194681,357514.15383613,401476.66093981,420664.78519137,488533.84213288,486183.69411568,438350.70831958,479363.63405538,506073.85560701,538092.93610014,819456.77935183,1240460.60323943,1273622.72532394,4.953690715545021e-06,12.430977903533261,12.430977903533261,4.284259267841627e-06,10.75108143599298,10.75108143599298,3.54042023097025e-06,8.884463764018236,8.884463764018236,3.3296332158016398e-06,8.355506895619069,8.355506895619069,3.113945637276912e-06,7.814252369111453,7.814252369111453,2.8254143940653613e-06,7.090201209117477,7.090201209117477,3.057061401035497e-06,7.671504925966208,7.671504925966208,2.797092057111561e-06,7.019128070912808,7.019128070912808,2.490804814554143e-06,6.250519337949857,6.250519337949857,2.3771897130516336e-06,5.965409326569182,5.965409326569182,2.0469410995850774e-06,5.136671027710009,5.136671027710009,2.0568357435740437e-06,5.161501019700463,5.161501019700463,2.2812783942645054e-06,5.724725853779874,5.724725853779874,2.086099004924666e-06,5.2349353489962684,5.2349353489962684,1.97599616917683e-06,4.958639149477257,4.958639149477257,1.8584150300272634e-06,4.663576613971401,4.663576613971401,1.2203206138473528e-06,3.0623184726407695,3.0623184726407695,8.061521642755332e-07,2.022988578908907,2.022988578908907,7.851618694583632e-07,1.9703147431681989,1.9703147431681989
2WEAgK2FxCpguiCEpQojXJSi8UAayCFLUDiriGCuymr8,71008.45888,1218678.03143027,17.162434597964758,71008.45888,66692.67233439,81053.94646485,72568.96445189,65323.65117222,65405.71670137,54106.49413873,62444.97739775,64751.07200298,85336.01461405,84055.17636026,94359.43702045,90742.92927813,137374.45168057,99007.90691142,102132.41856839,70775.88276603,74346.58366382,79910.31663585,1.408282922588053e-05,17.162434597964758,17.162434597964758,1.4994151006367025e-05,18.273042431407568,18.273042431407568,1.2337462191722666e-05,15.035394136653965,15.035394136653965,1.3779995450575232e-05,16.793377728825103,16.793377728825103,1.5308391096566065e-05,18.655999925927805,18.655999925927805,1.528918342972693e-05,18.632591964315917,18.632591964315917,1.848206977587538e-05,22.5236924112207,22.5236924112207,1.601409819768838e-05,19.51602966668991,19.51602966668991,1.5443759756656657e-05,18.820970738124362,18.820970738124362,1.1718381793697648e-05,14.280934455891767,14.280934455891767,1.1896947258952927e-05,14.4985482655705,14.4985482655705,1.0597774123888376e-05,12.915274506842941,12.915274506842941,1.102014237313155e-05,13.430005413369262,13.430005413369262,7.279373913901039e-06,8.871213071437777,8.871213071437777,1.0100203420062966e-05,12.308896021007616,12.308896021007616,9.791210411123077e-06,11.932333029147037,11.932333029147037,1.4129106708648016e-05,17.218831949563388,17.218831949563388,1.3450517168640793e-05,16.39184978479821,16.39184978479821,1.2514028752469892e-05,15.250571925321806,15.250571925321806
2ZqMM2eZ56NXM6gsqmMsqYJGLEzJPcujUYkF3gERJu7F,49289.9307894,4782007951.3507,97017.94818464405,49289.9307894,55123.33728626,59693.64484558,59382.85153165,55498.20841528,66167.94828765,66132.68013845,58321.54247078,58540.85819249,50975.23826277,47486.17596568,57728.20017402,64043.7886181,71568.18940882,59336.89207724,45513.17449901,48753.7316413,42179.13715623,34284.98809715,2.0288119378229154e-05,97017.94818464405,97017.94818464405,1.8141136753149e-05,86751.06020009895,86751.06020009895,1.6752202057469855e-05,80109.16344145441,80109.16344145441,1.68398784195639e-05,80528.43250213364,80528.43250213364,1.801859967293423e-05,86165.08690817661,86165.08690817661,1.511305739226988e-05,72270.76061905405,72270.76061905405,1.512111709228299e-05,72309.30216860224,72309.30216860224,1.714632291320168e-05,81993.85250735714,81993.85250735714,1.7082086441436667e-05,81686.67318861013,81686.67318861013,1.9617367845249576e-05,93810.40902055503,93810.40902055503,2.105876035844067e-05,100703.15947965221,100703.15947965221,1.732255634136399e-05,82836.6021621231,82836.6021621231,1.5614316728872923e-05,74667.78675237857,74667.78675237857,1.3972688260809359e-05,66817.50636493495,66817.50636493495,1.6852921765741965e-05,80590.80588726937,80590.80588726937,2.1971660096391474e-05,105068.65328531893,105068.65328531893,2.0511250448629975e-05,98084.96273749416,98084.96273749416,2.3708403429307627e-05,113373.7737127793,113373.7737127793,2.916728444432876e-05,139478.18613208772,139478.18613208772
2c148Fi2uVPxVyiFGp6mKUk6H664FbSCJNaciGSZDVS3,55038.52151634,657182.21683914,11.940404624496205,55038.52151634,51407.63962161,55314.64100281,57805.04023667,58675.38638588,58225.82617138,54163.54170075,53231.1302285,71008.20412071,82633.41710699,80966.11169829,83078.53294976,99589.96406891,94912.77596935,122169.60154008,118429.24565023,132484.93689384,122525.65822828,124596.25794364,1.8169092709060455e-05,11.940404624496207,11.940404624496207,1.945236169877822e-05,12.78374618395985,12.78374618395985,1.8078396277564195e-05,11.880800542586094,11.880800542586094,1.7299529520362245e-05,11.368943160465806,11.368943160465806,1.704292142915732e-05,11.200304886228892,11.200304886228892,1.7174509418838173e-05,11.28678217299676,11.28678217299676,1.846260360012892e-05,12.133294762555012,12.133294762555012,1.878599976568972e-05,12.345824971555537,12.345824971555537,1.408287975147288e-05,9.255018134551985,9.255018134551985,1.2101641624056831e-05,7.95298366989048,7.95298366989048,1.2350846286485558e-05,8.11675654239204,8.11675654239204,1.2036803786662061e-05,7.910373396176329,7.910373396176329,1.0041172414803391e-05,6.598879947224513,6.598879947224513,1.0535989383799375e-05,6.924064859838919,6.924064859838919,8.185342240573089e-06,5.379261359246876,5.379261359246876,8.443860251828412e-06,5.549154798976495,5.549154798976495,7.548027899966459e-06,4.960429708063637,4.960429708063637,8.161555828060765e-06,5.363629351941377,5.363629351941377,8.025923221966595e-06,5.27449401519274,5.27449401519274
2exZ877TEorjJbQpjCRHrFgo6scVjaiL9uJUFVAmay65,43321.49104697,64234680090.8503,1482743.9808386518,43321.49104697,51206.50614223,62573.94152427,58189.56764644,61480.78485355,49893.8937542,52428.78109184,63036.02936994,72265.30681694,48429.23748273,28169.69661572,15522.33561402,15149.711771,16681.00415558,16262.92517571,9905.56546449,9748.98530938,7737.31082136,6835.15140168,2.3083231343902283e-05,1482743.9808386515,1482743.9808386515,1.9528768419044706e-05,1254424.1919656373,1254424.1919656373,1.5981093337585885e-05,1026540.4180418485,1026540.4180418485,1.7185211034321534e-05,1103886.5330833944,1103886.5330833944,1.626524453749322e-05,1044792.7794653273,1044792.7794653273,2.004253275814581e-05,1287425.6799298837,1287425.6799298837,1.9073493206876017e-05,1225179.7343586874,1225179.7343586874,1.586394336691629e-05,1019015.3271532345,1019015.3271532345,1.38378987656299e-05,888873.0003398089,888873.0003398089,2.0648683563448686e-05,1326361.5829953253,1326361.5829953253,3.549913986087992e-05,2280275.8924639737,2280275.8924639737,6.442329459084659e-05,4138209.7184416377,4138209.7184416377,6.60078564606244e-05,4239993.543230975,4239993.543230975,5.994842940348334e-05,3850768.1846816763,3850768.1846816763,6.148955302909351e-05,3949761.7677531973,3949761.7677531973,0.00010095334825506462,6484706.029264277,6484706.029264277,0.00010257477760663448,6588858.024952281,6588858.024952281,0.00012924387078251412,8301938.69341799,8301938.69341799,0.0001463025383394158,9397696.746711737,9397696.746711737
2nLq3SwWgbeKznT4cDesrvHNCbcxV5EojS6hifyjcVmR,48700.47547126,859737.60664113,17.653577266375848,48700.47547126,52814.83486788,51335.14463795,54223.88765754,53705.326881,58625.21654861,61371.75924217,80845.65111847,70475.73140476,63235.54653479,65183.16330102,65991.61864414,46671.38954128,54437.22090618,53669.96209752,50947.12523368,52829.93893228,26818.27391039,55371.34322436,2.0533680427620014e-05,17.653577266375848,17.653577266375848,1.8934074157413722e-05,16.278335600060544,16.278335600060544,1.9479832131625874e-05,16.74754425461501,16.74754425461501,1.844205650313505e-05,15.855329519545817,15.855329519545817,1.8620126867783434e-05,16.00842330866233,16.00842330866233,1.7057506289479283e-05,14.664979632582941,14.664979632582941,1.62941393948648e-05,14.008684405618013,14.008684405618013,1.2369249132951071e-05,10.634308645511227,10.634308645511227,1.4189281616060803e-05,12.1990590165491,12.1990590165491,1.5813890363861008e-05,13.595796253111091,13.595796253111091,1.534138494294817e-05,13.18956557341053,13.18956557341053,1.5153439490437458e-05,13.027981799889886,13.027981799889886,2.142640298111369e-05,18.421084417911057,18.421084417911057,1.836978419092064e-05,15.79319429481618,15.79319429481618,1.863239624024643e-05,16.018971749578654,16.018971749578654,1.9628192864921894e-05,16.875095556378454,16.875095556378454,1.8928660911038512e-05,16.273681628577762,16.273681628577762,3.728800754818816e-05,32.057902365895686,32.057902365895686,1.8059883357860483e-05,15.526760894304948,15.526760894304948
2nSyu4TyxqUS6YKgVx1QnaLqRWHK2S1jzp9vsZQcpRFn,79959.66551535,654823.4527082,8.189422110357532,79959.66551535,120769.80858545,115924.0671764,115710.26553871,141901.51157043,169638.68812441,156127.76354665,159705.84168521,192053.65096347,204581.95609702,200799.94283029,194515.84430472,191679.36263461,194733.53976167,236210.85055532,291730.65883824,485110.43838139,510756.03069536,485097.23790537,1.2506305442311138e-05,8.189422110357532,8.189422110357532,8.280215160666216e-06,5.4220790806742345,5.4220790806742345,8.626336397241086e-06,5.648727383863822,5.648727383863822,8.64227556080975e-06,5.659164721985136,5.659164721985136,7.0471412808289205e-06,4.61463338523488,4.61463338523488,5.8948817103950824e-06,3.860106794907327,3.860106794907327,6.4050107250861e-06,4.194151237633932,4.194151237633932,6.261511723353622e-06,4.1001847258592905,4.1001847258592905,5.206878364370211e-06,3.4095860683885264,3.4095860683885264,4.88801661240234e-06,3.2007879150283394,3.2007879150283394,4.980081099152352e-06,3.2610739001137903,3.2610739001137903,5.140969382594067e-06,3.36642732137739,3.36642732137739,5.217045728111358e-06,3.4162438966184445,3.4162438966184445,5.135222218133957e-06,3.362663943302339,3.362663943302339,4.233505775238731e-06,2.7721988688019303,2.7721988688019303,3.427819359070121e-06,2.2446165079663056,2.2446165079663056,2.0613862759510606e-06,1.3498440785835717,1.3498440785835717,1.9578819238581817e-06,1.2820670013757876,1.2820670013757876,2.06144237043682e-06,1.3498808105684146,1.3498808105684146
2oGVitjzxUECEsfBxXdTobkekAkSStbTJtpNJoqSNfgd,49450.5827833,289180033272.304,5847858.953240957,49450.5827833,46693.59389106,49420.25182414,47472.3319707,35431.47265818,37014.71516908,41196.62957209,42173.77824489,44378.87274298,46618.16764903,48042.20985786,42087.91906786,40422.21516217,46266.11418699,45761.99128498,28091.21874227,28430.18060051,33750.22444754,36423.91701668,2.0222208591194014e-05,5847858.953240957,5847858.953240957,2.141621401713225e-05,6193141.482041088,6193141.482041088,2.023461967693852e-05,5851447.991429498,5851447.991429498,2.10649015644987e-05,6091548.935299543,6091548.935299543,2.8223495242417812e-05,8161671.293263097,8161671.293263097,2.7016282455020575e-05,7812569.459236813,7812569.459236813,2.427383041736702e-05,7019507.08774046,7019507.08774046,2.3711415993921893e-05,6856868.066055775,6856868.066055775,2.253324472190843e-05,6516164.458414448,6516164.458414448,2.14508645541071e-05,6203161.725476379,6203161.725476379,2.081502917868783e-05,6019290.830456926,6019290.830456926,2.3759787182342297e-05,6870856.047932608,6870856.047932608,2.4738871830455037e-05,7153987.779050252,7153987.779050252,2.161409095128199e-05,6250363.540442332,6250363.540442332,2.1852195936417214e-05,6319218.747966036,6319218.747966036,3.559831309473445e-05,10294321.365173204,10294321.365173204,3.517388841286718e-05,10171586.22154924,10171586.22154924,2.9629432585088732e-05,8568240.300795449,8568240.300795449,2.7454488201860857e-05,7939289.811688201,7939289.811688201
2p6swo6gCumeM5hxZ8FijEncwEmRkFkAWw2y7m68n3TX,84259.13290657,11226024.3869957,133.2321375706961,84259.13290657,86418.93349658,93203.92473185,88149.75387359,88140.0345363,90920.00536047,90545.99072789,91762.44247662,88897.77829845,126784.02278659,127090.45628651,133538.95051893,154550.42549894,203172.69392017,172740.25956455,166126.22138371,159943.84464684,186961.37636635,188207.07580605,1.1868149665257549e-05,133.2321375706961,133.2321375706961,1.1571538313876261e-05,129.90237130663,129.90237130663,1.0729161919704827e-05,120.44583336263199,120.44583336263199,1.1344331164373264e-05,127.35173830540958,127.35173830540958,1.1345582121234085e-05,127.36578157763624,127.36578157763624,1.0998679509919804e-05,123.47144440310961,123.47144440310961,1.1044111306984459e-05,123.98146286490248,123.98146286490248,1.0897704692797257e-05,122.33789864361948,122.33789864361948,1.1248875046604352e-05,126.28014559944785,126.28014559944785,7.887429173021717e-06,88.54447224704312,88.54447224704312,7.86841143874424e-06,88.33097869825875,88.33097869825875,7.488451842058198e-06,84.06554299978819,84.06554299978819,6.47038011556208e-06,72.63664497043196,72.63664497043196,4.921921251843602e-06,55.253608004068674,55.253608004068674,5.789038424052602e-06,64.98788652566967,64.98788652566967,6.0195193249490106e-06,67.57527073986948,67.57527073986948,6.252194338631942e-06,70.18728611771863,70.18728611771863,5.348698321735203e-06,60.044617798482356,60.044617798482356,5.313296515113565e-06,59.64719625400414,59.64719625400414
3DTgH4B7p1bUHRo7Sr3U3XGSvB5p2DCfcVMzTRknFjzt,52600.49927847,4270554.16629878,81.1884720654499,52600.49927847,48426.40710162,51905.27265193,48597.67974788,46883.05898544,53372.43094756,59959.99242227,60205.01235167,56875.54509045,68943.25579135,78001.06526203,75745.46911797,56871.01657121,52607.5609084,62129.77103681,72071.7839862,71332.42185578,75663.79311595,65551.84798107,1.9011226389809417e-05,81.18847206544991,81.18847206544991,2.0649890418290954e-05,88.18647555944568,88.18647555944568,1.9265865468155227e-05,82.27592204238209,82.27592204238209,2.0577114075978566e-05,87.87568024757553,87.87568024757553,2.1329666229982134e-05,91.08949498421259,91.08949498421259,1.873626481399226e-05,80.01423376227187,80.01423376227187,1.6677787297861395e-05,71.22339402952684,71.22339402952684,1.6609912712230538e-05,70.9335319350752,70.9335319350752,1.7582249074003344e-05,75.08594703588784,75.08594703588784,1.4504681981170164e-05,61.94303006552508,61.94303006552508,1.2820337730525693e-05,54.74994670845394,54.74994670845394,1.320210979804676e-05,56.380325001982534,56.380325001982534,1.7583649111456772e-05,75.09192597166755,75.09192597166755,1.9008674470599283e-05,81.17757395623502,81.17757395623502,1.6095343396767555e-05,68.73603580107523,68.73603580107523,1.3875055461253405e-05,59.25417590768237,59.25417590768237,1.4018870718027792e-05,59.86834675167755,59.86834675167755,1.3216360941191025e-05,56.44118528071179,56.44118528071179,1.5255100058945388e-05,65.14773111403399,65.14773111403399
3Dext2f7oNAY51PJCsNJePo7Kcehq2do1f7EA4sNgGq9,68586.54245361,1280572.18550306,18.670895771852077,68586.54245361,51627.30302894,73701.37755034,67202.08575723,66681.05161876,79936.76107784,69156.56276447,82469.29793121,84480.86102421,85462.80424597,100333.96543889,120844.07700091,129008.48162024,162087.73831398,110570.68256982,119489.43197108,105577.993203,101769.87943947,108971.63181288,1.4580119717747423e-05,18.670895771852077,18.670895771852077,1.9369595956609315e-05,24.804165826466424,24.804165826466424,1.3568267422369052e-05,17.375145866553108,17.375145866553108,1.4880490519483824e-05,19.055542265892967,19.055542265892967,1.4996764084006447e-05,19.20443895852993,19.20443895852993,1.2509888898628634e-05,16.019815767317336,16.019815767317336,1.4459943641296206e-05,18.517001630985757,18.517001630985757,1.2125724664639785e-05,15.527865734606129,15.527865734606129,1.1837000568843945e-05,15.158133688245455,15.158133688245455,1.1700996811687876e-05,14.98397105970748,14.98397105970748,9.966714617783804e-06,12.763097520380702,12.763097520380702,8.275126301742283e-06,10.59689657353597,10.59689657353597,7.751428335880136e-06,9.926263524848373,9.926263524848373,6.16949813972295e-06,7.900487716242082,7.900487716242082,9.04398866642203e-06,11.581480332224965,11.581480332224965,8.368940947363695e-06,10.717032999311575,10.717032999311575,9.471670844105275e-06,12.129158233201505,12.129158233201505,9.826090052457745e-06,12.583017613425692,12.583017613425692,9.176700241739466e-06,11.751427084270766,11.751427084270766
3KN7kgFqvhBi9Z9nfb7bus8iiGh4HJLs92pgyVvMLLZH,41177.80676184,1106220.53968755,26.864484213197546,41177.80676184,33187.70119641,59623.17684553,50187.0132347,50039.07129058,52216.2374265,61403.60632195,60690.88394278,61914.43096279,37672.47090133,21207.14176998,30727.58124251,14462.13528281,24142.80837139,34376.4710861,23613.31957404,23903.8942435,24849.37337945,23198.12209974,2.428492624154798e-05,26.86448421319755,26.86448421319755,3.0131644071454173e-05,33.3322435663972,33.3322435663972,1.6772001307323344e-05,18.553532337827523,18.553532337827523,1.9925473455124562e-05,22.041967999057842,22.041967999057842,1.998438368675825e-05,22.10713570728878,22.10713570728878,1.91511309371459e-05,21.185374400916473,21.185374400916473,1.6285688413101058e-05,18.01556302552393,18.01556302552393,1.6476939122238037e-05,18.227128488201068,18.227128488201068,1.6151323438650203e-05,17.866925730971804,17.866925730971804,2.654458218626418e-05,29.364162031869682,29.364162031869682,4.715392629739293e-05,52.16264179708896,52.16264179708896,3.254405194173085e-05,36.000898702601155,36.000898702601155,6.914608254208637e-05,76.49081674698665,76.49081674698665,4.1420202016971314e-05,45.81987822918135,45.81987822918135,2.9089664191981195e-05,32.179584021783036,32.179584021783036,4.234898006883283e-05,46.847311586961546,46.847311586961546,4.1834187760930304e-05,46.277837762286616,46.277837762286616,4.024246345088857e-05,44.51703963699846,44.51703963699846,4.310693752280956e-05,47.68577969075989,47.68577969075989
3Qpz4BgcWEP7kaGxaqVt5UHqVbTVWiBf9DkYWCfCPuJA,77496.45318499,1196133.7524374,15.434690276497387,77496.45318499,79095.41213685,71251.34967863,68684.31624304,70202.18104136,63304.81827402,71047.63977012,76357.54511977,84163.33410115,68532.25922519,74864.39298634,70407.72983496,67003.89981289,51929.85024096,43149.81776432,42740.52623798,33411.60120139,34428.61225305,45764.64364735,1.2903816354187502e-05,15.434690276497385,15.434690276497385,1.264295833328248e-05,15.122669193098869,15.122669193098869,1.4034821859661196e-05,16.787524135786995,16.787524135786995,1.4559364563832768e-05,17.414947368841396,17.414947368841396,1.42445716809118e-05,17.038412976552554,17.038412976552554,1.5796585903957887e-05,18.894829573000884,18.894829573000884,1.4075062918846782e-05,16.835657824912705,16.835657824912705,1.3096282737108143e-05,15.664905813318306,15.664905813318306,1.188165857115606e-05,14.212052851896892,14.212052851896892,1.4591668380785495e-05,17.453587054631114,17.453587054631114,1.3357484915191435e-05,15.977338554733896,15.977338554733896,1.420298598384099e-05,16.98867092066752,16.98867092066752,1.4924504436197357e-05,17.851703494537364,17.851703494537364,1.9256747234199487e-05,23.033645328981557,23.033645328981557,2.317506890670779e-05,27.7204821343757,27.7204821343757,2.339699783835095e-05,27.985938820156456,27.985938820156456,2.992972392949541e-05,35.79995299320279,35.79995299320279,2.9045608712021524e-05,34.74243294053874,34.74243294053874,2.1850929457808745e-05,26.136634246613696,26.136634246613696
3RWAmeFUaWpVimKimJZjF4nHxvpherdU26SPGi3uX94R,57729.85158909,4734117151377.78,82004665.19599456,57729.85158909,63729.08516109,62045.87667082,55946.9929601,56647.67609972,51398.50142489,54395.98212417,52021.45054073,52098.18633092,44058.60574063,24959.44654267,32003.8407112,33477.32308842,34977.42519258,41328.65135499,36482.41231863,31570.19289048,31194.18353842,29307.2557214,1.7322060813836972e-05,82004665.19599456,82004665.19599456,1.5691422487428915e-05,74285032.32725222,74285032.32725222,1.6117106464712058e-05,76300270.14517505,76300270.14517505,1.787406162674686e-05,84617901.71196574,84617901.71196574,1.7652974823532835e-05,83571250.88492694,83571250.88492694,1.9455820155794362e-05,92106131.89366761,92106131.89366761,1.8383710725496136e-05,87030640.25153892,87030640.25153892,1.922283960953864e-05,91003174.69370103,91003174.69370103,1.9194526151988236e-05,90869135.46869685,90869135.46869685,2.2697041433560826e-05,107450453.13615243,107450453.13615243,4.006499095604651e-05,189672360.85481542,189672360.85481542,3.124624975558143e-05,147923406.88413182,147923406.88413182,2.987096660503019e-05,141412655.3331063,141412655.3331063,2.8589868879546254e-05,135347788.61830175,135347788.61830175,2.4196289189563904e-05,114548067.65201125,114548067.65201125,2.741046812546831e-05,129764367.28007348,129764367.28007348,3.1675447896979756e-05,149955281.1666651,149955281.1666651,3.205725832728913e-05,151762816.47336763,151762816.47336763,3.412124320018832e-05,161533962.660344,161533962.660344
3a3UfpiRRk8Lj8yqFz13Fne1e5qDssNgenriZ7HKJqFw,65485.97839442,14660950.0196872,223.87922390629572,65485.97839442,55687.50051645,51180.05101103,49159.1002238,59737.64556746,57982.80891662,57293.6295243,72341.06489887,67362.17564386,74722.29563467,67333.75145737,53643.61071229,57372.61464032,58018.15645826,58334.31855444,54289.17295347,65656.80756869,76421.08390105,67697.39459599,1.5270444521375724e-05,223.87922390629572,223.87922390629572,1.7957351124146818e-05,263.27182731709024,263.27182731709024,1.9538862901572456e-05,286.4582924414742,286.4582924414742,2.0342113575053956e-05,298.23471041866657,298.23471041866657,1.6739862954102013e-05,245.42229410650293,245.42229410650293,1.724649113564009e-05,252.84994455459767,252.84994455459767,1.745394746855528e-05,255.89145148273488,255.89145148273488,1.3823407236235203e-05,202.6642825922267,202.6642825922267,1.4845126221678814e-05,217.643653571981,217.643653571981,1.3382886479949305e-05,196.20582980168433,196.20582980168433,1.4851392924885744e-05,217.73552939448598,217.73552939448598,1.8641549044179e-05,273.30281882625604,273.30281882625604,1.7429918546839693e-05,255.5391646624357,255.5391646624357,1.7235983716915065e-05,252.6958958138342,252.6958958138342,1.714256761338111e-05,251.32632698888895,251.32632698888895,1.841987905870434e-05,270.0529262483472,270.0529262483472,1.523071311308888e-05,223.29672371519052,223.29672371519052,1.3085394094839059e-05,191.84430881234547,191.84430881234547,1.477161722349702e-05,216.56594182364043,216.56594182364043
3brPPH5w95MFAmXERDvy548tp28squPuf2Njzt4RLAtj,64877.08321402,1171892287.25401,18063.270251964146,64877.08321402,63791.69449629,70075.10248458,63891.05418245,64125.93012587,59699.60336127,56101.49880879,53936.21345791,64836.36423841,65287.92992207,72909.28570252,73779.57983141,58816.92531707,65085.95364169,59460.29375299,57735.37690771,43392.23451556,51382.52131545,46194.35660157,1.5413763234409697e-05,18063.270251964146,18063.270251964146,1.567602190059645e-05,18370.609160133925,18370.609160133925,1.4270403674686735e-05,16723.376002366665,16723.376002366665,1.565164345456498e-05,18342.04024725441,18342.04024725441,1.5594315716546233e-05,18274.85831322452,18274.85831322452,1.6750530048726387e-05,19629.81697151899,19629.81697151899,1.7824835721560434e-05,20888.787503666437,20888.787503666437,1.8540419059642854e-05,21727.374098452707,21727.374098452707,1.5423443491107812e-05,18074.614470127308,18074.614470127308,1.531676683873475e-05,17949.600923981237,17949.600923981237,1.3715674078609666e-05,16073.292667212416,16073.292667212416,1.3553885808038615e-05,15883.694240762037,15883.694240762037,1.7001908797666738e-05,19924.40578858175,19924.40578858175,1.5364298194126212e-05,18005.30255276722,18005.30255276722,1.6817945840533528e-05,19708.821017976898,19708.821017976898,1.732040307970103e-05,20297.646781232237,20297.646781232237,2.3045598162072307e-05,27006.958741287723,27006.958741287723,1.9461870970884298e-05,22807.21648631202,22807.21648631202,2.164766593948e-05,25368.732751527943,25368.732751527943
3jbDszLZyq8AzsNAvev4wMQCY8L638CX7GFadtQjjR9j,61415.33749597,430806.96667091,7.014647875201843,61415.33749597,71081.04901142,78294.10441048,86682.93912729,97349.13608841,119514.49340488,122437.09689361,126671.42464895,168259.66086686,148010.87142121,195246.36643174,207477.35020997,267319.69192881,268607.33357383,262471.98432982,239252.40520587,252978.79844052,300602.79820583,330756.2534925,1.628257762266012e-05,7.0146478752018435,7.0146478752018435,1.406844741190213e-05,6.060785155290771,6.060785155290771,1.2772353774649548e-05,5.5024189869045195,5.5024189869045195,1.1536295493298226e-05,4.969916468087098,4.969916468087098,1.0272304821398985e-05,4.4253804808258606,4.4253804808258606,8.367186033348221e-06,3.604642034597951,3.604642034597951,8.167459253537643e-06,3.518598346424807,3.518598346424807,7.894440303101851e-06,3.400979880543888,3.400979880543888,5.943195147595578e-06,2.5603698738689222,2.5603698738689222,6.756260471936521e-06,2.9106440799535434,2.9106440799535434,5.1217342390318415e-06,2.206478791611849,2.206478791611849,4.819803217016151e-06,2.076404803873422,2.076404803873422,3.74083926546762e-06,1.6115796167595404,1.6115796167595404,3.7229065442665502e-06,1.6038540755347526,1.6038540755347526,3.809930429540277e-06,1.641344571577444,1.641344571577444,4.17968629882541e-06,1.8006379760329376,1.8006379760329376,3.952900425507865e-06,1.7029370418651928,1.7029370418651928,3.326649006491536e-06,1.433143567665415,1.433143567665415,3.023374431899215e-06,1.3024907681168867,1.3024907681168867
3nPM7kcq43i6h8VfoPxdYin7JLt1xwQmZFqinK4oxVxB,239306.02840716,319558026826.344,1335353.0161916425,239306.02840716,222880.39412018,302464.98804847,331524.99874819,314924.64816722,274624.94368521,329789.9541868,527211.96336223,690409.91170535,745103.13072632,676863.92949923,570250.95793995,770941.31521029,729422.84708722,586179.79799639,617974.1021247,572658.00124663,804443.39245265,619044.87637959,4.178749723339942e-06,1335353.0161916427,1335353.0161916427,4.486711376958473e-06,1433764.6345601585,1433764.6345601585,3.3061677864009507e-06,1056512.4541791093,1056512.4541791093,3.0163637848606117e-06,963903.2592804999,963903.2592804999,3.175362760011772e-06,1014712.6580472157,1014712.6580472157,3.6413298318096484e-06,1163616.1760769943,1163616.1760769943,3.032233054114131e-06,968974.4116503305,968974.4116503305,1.8967703115510163e-06,606128.1781020325,606128.1781020325,1.4484148953336222e-06,462852.6059786979,462852.6059786979,1.3420960921546642e-06,428877.5790202916,428877.5790202916,1.4774018180283865e-06,472115.6097988045,472115.6097988045,1.753613888896447e-06,560381.3941510202,560381.3941510202,1.2971155913822437e-06,414503.6989477961,414503.6989477961,1.3709469123338633e-06,438097.0901890782,438097.0901890782,1.7059612143203857e-06,545153.5994904962,545153.5994904962,1.6181907891638663e-06,517105.85561376956,517105.85561376956,1.7462429544738415e-06,558025.9528910661,558025.9528910661,1.2430955482785702e-06,397241.16056451213,397241.16056451213,1.6153917723192872e-06,516211.4073138622,516211.4073138622
3xseEEosghRyeeYjvzZgNSa3nkvPwT4D8oYPxbbyD1Jp,92747.77211835,704982.47826879,7.601071833501328,92747.77211835,78433.25860881,87659.06126771,102165.12481776,98015.30158286,105248.07457943,83298.42301675,88564.71458492,77960.183671,89734.96961954,177201.37595526,206619.11398668,265541.56522462,193263.95665116,235896.30067965,198368.42330324,363000.33947153,364912.18032685,503781.3210282,1.07819301440897e-05,7.601071833501328,7.601071833501328,1.27496934047781e-05,8.98831045366771,8.98831045366771,1.1407833777115281e-05,8.042322927869142,8.042322927869142,9.788075938670647e-06,6.900422032727145,6.900422032727145,1.0202488630355555e-05,7.192575719137211,7.192575719137211,9.501361464292697e-06,6.698293352024645,6.698293352024645,1.2005029192436401e-05,8.463335231772984,8.463335231772984,1.1291178486677706e-05,7.9600829921132945,7.9600829921132945,1.2827060595702326e-05,9.042852967662167,9.042852967662167,1.1143927548421965e-05,7.856273660734358,7.856273660734358,5.643297037673573e-06,3.9784255312260366,3.9784255312260366,4.839823289845617e-06,3.411990617258371,3.411990617258371,3.7658887758460943e-06,2.6548856020805993,2.6548856020805993,5.174270553743203e-06,3.6477700782111073,3.6477700782111073,4.23915083500191e-06,2.9885270614148567,2.9885270614148567,5.041124909640126e-06,3.5539047320606256,3.5539047320606256,2.754818360379053e-06,1.9420986748803895,1.9420986748803895,2.7403853691710293e-06,1.931923668969725,1.931923668969725,1.98498824442128e-06,1.3993819318865286,1.3993819318865286
489Ztve9TPDUzVwjjfEz3UCj79VomLegcpRw9YCG2C1Z,76603.39601437,1436692874393.38,18754950.160745762,76603.39601437,80846.45719226,83794.31725984,81393.0995684,84295.42222929,90586.12610842,79634.04738598,79780.18299118,108577.62002676,101614.33973375,91497.5321226,95365.51391628,98814.55510233,86000.48739266,87097.09548414,99838.66718891,85686.97733089,89769.87394623,98192.3037862,1.30542515349112e-05,18754950.160745762,18754950.160745762,1.2369125806241724e-05,17770634.908302754,17770634.908302754,1.1933983505099443e-05,17145469.0649045,17145469.0649045,1.2286053796976167e-05,17651285.944529388,17651285.944529388,1.1863040406629953e-05,17043545.620845996,17043545.620845996,1.1039218067490027e-05,15859965.936437579,15859965.936437579,1.2557442863014085e-05,18041188.68189434,18041188.68189434,1.253444104171275e-05,18008142.12913264,18008142.12913264,9.210001101088238e-06,13231942.955088655,13231942.955088655,9.841130716591783e-06,14138682.37650123,14138682.37650123,1.0929256525302488e-05,15701984.972319435,15701984.972319435,1.0485970860261766e-05,15065119.6160347,15065119.6160347,1.0119966628037983e-05,14539283.94360097,14539283.94360097,1.1627841077623339e-05,16705636.42080009,16705636.42080009,1.148143912769279e-05,16495301.782537574,16495301.782537574,1.0016159351444941e-05,14390144.769009564,14390144.769009564,1.1670384825670607e-05,16766758.720469588,16766758.720469588,1.1139594565978516e-05,16004176.13657255,16004176.13657255,1.0184097545744114e-05,14631420.376097675,14631420.376097675
48JP6oPWRW72TPZDwFeqXtdBXboi4BaXGFY7bHnpGorP,50670.13372261,2615429.35602756,51.61678416610344,50670.13372261,47966.98033723,44869.13864926,40523.10478863,45590.96803198,40306.28703899,43193.75634346,44660.2417712,42820.55225492,29369.86363043,33179.5373126,38603.033936,41517.07439652,48673.00280519,48240.86814129,47103.8134342,49207.11695261,50493.83836827,55633.85260473,1.9735491630521995e-05,51.616784166103436,51.616784166103436,2.0847674649718173e-05,54.525620283784484,54.525620283784484,2.2287033584864512e-05,58.29016189662679,58.29016189662679,2.4677279917618274e-05,64.5416823234482,64.5416823234482,2.1934169050732706e-05,57.367269635357474,57.367269635357474,2.4810025270565288e-05,64.88886841642206,64.88886841642206,2.31514942124595e-05,60.55109759916873,60.55109759916873,2.239128048439874e-05,58.562812297943466,58.562812297943466,2.3353271906601853e-05,61.07883290382019,61.07883290382019,3.404850674770937e-05,89.05146407686155,89.05146407686155,3.0139058015744177e-05,78.82657709739506,78.82657709739506,2.5904699658008767e-05,67.75191194463322,67.75191194463322,2.4086475613604916e-05,62.99647540306423,62.99647540306423,2.0545270321669367e-05,53.73470312681585,53.73470312681585,2.0729311857969794e-05,54.2160507635844,54.2160507635844,2.122970365014957e-05,55.52479014636663,55.52479014636663,2.0322263565310523e-05,53.15144470964245,53.15144470964245,1.980439658214602e-05,51.797000199356575,51.797000199356575,1.7974667458406068e-05,47.01147293554852,47.01147293554852
4J73hEq7YC31G6oApiu2kJaGBB81NgzT8Cf3YiGzpeoN,51135.05112769,2687127.80779623,52.549625912882505,51135.05112769,53449.54378436,53061.30494098,51604.7430193,51655.53621852,47145.85939261,52768.428989,54053.93463638,58436.37069657,56165.32094885,54841.58897127,58881.64113583,19783.0925959,22763.19086165,15484.62895024,17562.47538317,20428.77818715,73162.75715406,17216.57306566,1.955605749768172e-05,52.549625912882505,52.549625912882505,1.8709233591112754e-05,50.274101845234405,50.274101845234405,1.8846125271745545e-05,50.641947286918736,50.641947286918736,1.9378063749411626e-05,52.07133396229206,52.07133396229206,1.9359009182862206e-05,52.020131906651606,52.020131906651606,2.12107704236005e-05,56.99605103003873,56.99605103003873,1.895072525673368e-05,50.92302081527542,50.92302081527542,1.850004087078924e-05,49.711974269264545,49.711974269264545,1.7112630166450368e-05,45.983824384801416,45.983824384801416,1.7804580889170103e-05,47.84318441344631,47.84318441344631,1.8234336727987086e-05,48.99799327849422,48.99799327849422,1.698322228643677e-05,45.636088871868914,45.636088871868914,5.054821409506255e-05,135.82951172927994,135.82951172927994,4.39305722153715e-05,118.0470622123252,118.0470622123252,6.458017193783004e-05,173.53517584640485,173.53517584640485,5.693958158986479e-05,153.00393305440795,153.00393305440795,4.895055352008348e-05,131.53639357083395,131.53639357083395,1.3668156298351137e-05,36.728082870604524,36.728082870604524,5.808356844223487e-05,156.07797193716488,156.07797193716488
4Kd9ownfB3GhVAZuD5xS1xUjUoQdTHJqX82fbAE1B7Bq,63094.80918531,547576016279692.0,8678622272.578026,63094.80918531,63179.43240258,64788.6524664,66437.99014813,66686.84983488,69993.31819213,70335.34198973,70829.54768319,72189.8605222,70817.95665825,68306.96883177,65718.81086002,65795.10832372,63550.89083293,70222.58555254,68992.7609469,65012.96138763,65279.85081962,65104.89384987,1.5849164343503938e-05,8678622272.578026,8678622272.578026,1.582793580081552e-05,8666998031.74128,8666998031.74128,1.5434801650159484e-05,8451727199.661547,8451727199.661547,1.5051629312843482e-05,8241911217.645472,8241911217.645472,1.4995460161576837e-05,8211154337.557071,8211154337.557071,1.4287078050150783e-05,7823261282.978596,7823261282.978596,1.421760343677599e-05,7785218650.954255,7785218650.954255,1.4118401609351661e-05,7730898109.485575,7730898109.485575,1.385236088234964e-05,7585220588.025656,7585220588.025656,1.4120712417978303e-05,7732163452.867736,7732163452.867736,1.463979469595339e-05,8016400458.762722,8016400458.762722,1.521634349303708e-05,8332104752.260657,8332104752.260657,1.5198698284375147e-05,8322442659.195132,8322442659.195132,1.5735420650969577e-05,8616338954.54312,8616338954.54312,1.4240432649005891e-05,7797719380.041907,7797719380.041907,1.449427427276966e-05,7936716965.148439,7936716965.148439,1.538154821217342e-05,8422566894.235941,8422566894.235941,1.5318662457780124e-05,8388132163.364516,8388132163.364516,1.535982843787398e-05,8410673666.750558,8410673666.750558
4Stod3uSWVbKYUfJAT9NFNhSgtaUCT38BYUwUqzyZpqP,58938.82957166,329357456.794937,5588.123469511591,58938.82957166,59454.31468587,58311.47385743,63265.18455806,61979.79390543,74167.35365115,70234.32991335,67477.0791396,59503.72733816,66716.09105268,90352.98230914,81869.29181526,87914.2437266,73164.81369028,62032.82036522,96227.24671552,224192.82037202,242358.84189688,222194.87342393,1.696674344006379e-05,5588.123469511591,5588.123469511591,1.6819637149693048e-05,5539.672915836546,5539.672915836546,1.71492835602985e-05,5648.244419275137,5648.244419275137,1.5806481985084162e-05,5205.982707482307,5205.982707482307,1.6134290499994562e-05,5313.948886268921,5313.948886268921,1.348302117807185e-05,4440.73356512202,4440.73356512202,1.4238051409242848e-05,4689.408401863793,4689.408401863793,1.481984716515588e-05,4881.027172405397,4881.027172405397,1.6805669908995694e-05,5535.072700962022,5535.072700962022,1.4988887751387973e-05,4936.701949981925,4936.701949981925,1.106770329482352e-05,3645.2306097440196,3645.2306097440196,1.2214592038447379e-05,4022.9669695707144,4022.9669695707144,1.1374721064653058e-05,3746.3492016059295,3746.3492016059295,1.3667772110145491e-05,4501.582662250289,4501.582662250289,1.6120498699115588e-05,5309.4064538068005,5309.4064538068005,1.039206705099165e-05,3422.704774757071,3422.704774757071,4.46044613891125e-06,1469.0811964826055,1469.0811964826055,4.126113131145777e-06,1358.9661273223676,1358.9661273223676,4.500553881331367e-06,1482.290980523882,1482.290980523882
4eGm3hRrvGGUG2QYhmBA7NhzF7iKUFrNVo9bJypcNWGG,115808.22824904,2250336.14866309,19.431573927751067,115808.22824904,107521.32682068,109290.10461745,121524.35423505,119742.88571638,125510.73526763,176612.72820658,307163.48086933,297747.3612908,212563.43391304,208756.92247318,277367.08187197,375341.80163913,355514.24265926,296453.4696737,481430.6661583,401033.97622489,173631.42160143,308331.03060247,8.634965020357175e-06,19.431573927751067,19.431573927751067,9.300480468100641e-06,20.92920739730189,20.92920739730189,9.149959216347326e-06,20.590483983339386,20.590483983339386,8.228803241083839e-06,18.51757339364696,18.51757339364696,8.351226830866387e-06,18.793067623183727,18.793067623183727,7.967445954863322e-06,17.929431644748444,17.929431644748444,5.66210606763473e-06,12.741641961563051,12.741641961563051,3.25559534997394e-06,7.3261839014658205,7.3261839014658205,3.358552014247183e-06,7.557871004825669,7.557871004825669,4.7044780072997006e-06,10.586656920417017,10.586656920417017,4.790260309228667e-06,10.779695935363302,10.779695935363302,3.6053305001117276e-06,8.113205552278998,8.113205552278998,2.6642382906272817e-06,5.995431734050932,5.995431734050932,2.8128268294399745e-06,6.329805894218163,6.329805894218163,3.3732106461789052e-06,7.590857854151571,7.590857854151571,2.07714229751868e-06,4.674268398023389,4.674268398023389,2.4935543103191453e-06,5.611335403165834,5.611335403165834,5.759326225500213e-06,12.96041999718648,12.96041999718648,3.2432674649905615e-06,7.298442016251164,7.298442016251164
4jxrZXjB8papQRsaGjXhv41dmeoyhTBKm9MxD1rZmGop,64939.41783264,773272578475963.0,11907599487.091475,64939.41783264,62788.97922279,62726.91517885,63357.17955008,66240.81393447,61830.90755919,59645.57284551,56642.37733814,64126.18380458,63689.49372526,65204.12321466,64862.584898,59584.81309982,63568.67281787,61293.58881537,60100.35322952,60525.74571062,60351.21799173,60075.00328017,1.5398967736008526e-05,11907599487.091476,11907599487.091476,1.592636179753402e-05,12315418852.920204,12315418852.920204,1.594211985634479e-05,12327604127.688585,12327604127.688585,1.578353088160373e-05,12204971622.272707,12204971622.272707,1.5096432857683017e-05,11673657561.649797,11673657561.649797,1.6173141224600525e-05,12506246616.802742,12506246616.802742,1.676570367745706e-05,12964458912.631155,12964458912.631155,1.7654626217933344e-05,13651838337.570656,13651838337.570656,1.559425402652104e-05,12058609020.497093,12058609020.497093,1.5701176779858565e-05,12141289453.66815,12141289453.66815,1.5336453443409963e-05,11859258898.862185,11859258898.862185,1.5417208573672407e-05,11921704626.665386,11921704626.665386,1.6782799978322345e-05,12977679013.283655,12977679013.283655,1.5731019001530684e-05,12164365625.368002,12164365625.368002,1.631492003204811e-05,12615880280.810984,12615880280.810984,1.663883731566525e-05,12866356633.926538,12866356633.926538,1.652189474510741e-05,12775928150.857672,12775928150.857672,1.656967387364131e-05,12812874440.776413,12812874440.776413,1.6645858433603905e-05,12871785871.898746,12871785871.898746
4xzG8uMWC7dYUBDdkkQbtQkGVL9T4Ld1kMGFdAMF6Q7D,61073.0627333,13629807.511786,223.1721630091816,61073.0627333,57732.4051765,56407.09634559,53965.46164457,57491.51150424,53807.1908541,51660.42868841,66115.87529566,68117.13131611,62537.54892921,40369.08014216,68069.96033553,103076.16393437,106446.29668621,87263.72748511,82452.40099947,62747.38508313,47105.86632759,58505.04537704,1.6373830871507142e-05,223.17216300918156,223.17216300918156,1.7321294634145097e-05,236.08591171832938,236.08591171832938,1.772826585281555e-05,241.63285109164465,241.63285109164465,1.8530370528213946e-05,252.56538342162838,252.56538342162838,1.739387213582391e-05,237.07512909589795,237.07512909589795,1.858487655881411e-05,253.3082901269401,253.3082901269401,1.9357175799517702e-05,263.8345801192286,263.8345801192286,1.512496046566962e-05,206.15029977045006,206.15029977045006,1.4680594744357587e-05,200.09368052413112,200.09368052413112,1.5990393245695638e-05,217.94598197659454,217.94598197659454,2.4771433891445953e-05,337.62987573134035,337.62987573134035,1.469076807259482e-05,200.23234102975883,200.23234102975883,9.701563987545304e-06,132.23044971351754,132.23044971351754,9.394408552773532e-06,128.04398026137935,128.04398026137935,1.145951506793739e-05,156.1909845543979,156.1909845543979,1.2128209583689721e-05,165.30516208828914,165.30516208828914,1.5936919103085555e-05,217.2171397059613,217.2171397059613,2.122877845077011e-05,289.34416399434724,289.34416399434724,1.7092542934637988e-05,232.9680700860536,232.9680700860536
563VfdCnVX7CEvRRoFVXCsVvzwh3iVy1aUS6J1PepAFv,107083.36983728,4109111.99097592,38.373017184834374,107083.36983728,92826.7381153,95946.70482314,87451.7014471,87719.77835785,97158.69167674,96069.02164933,66078.02088589,124918.56696424,130642.51198987,90597.91327558,71585.3623412,60758.00946704,56632.06626101,60019.39279386,55747.06247589,57021.98037855,65495.5789396,59646.11049716,9.338518217343773e-06,38.373017184834374,38.373017184834374,1.0772758154637524e-05,44.266469709104676,44.266469709104676,1.0422452775666606e-05,42.82702567587191,42.82702567587191,1.1434883295036922e-05,46.98721606304645,46.98721606304645,1.139993760495532e-05,46.84362030889922,46.84362030889922,1.0292439953052622e-05,42.29278842748817,42.29278842748817,1.0409182719172349e-05,42.77249752761043,42.77249752761043,1.513362516905429e-05,62.18576064909597,62.18576064909597,8.005215111747692e-06,32.89432540602408,32.89432540602408,7.654476209685404e-06,31.4530999778582,31.4530999778582,1.103778181908239e-05,45.35548162656745,45.35548162656745,1.3969336290199419e-05,57.40156725603351,57.40156725603351,1.645873537944787e-05,67.63078690398886,67.63078690398886,1.7657840619678735e-05,72.55804462506356,72.55804462506356,1.6661281520033974e-05,68.46307167899711,68.46307167899711,1.7938164911065747e-05,73.70992853216376,73.70992853216376,1.7537096981924022e-05,72.06189549533163,72.06189549533163,1.52682061322368e-05,62.7387688986663,62.7387688986663,1.676555255095157e-05,68.89153302245202,68.89153302245202
5Di6gNtNWYXNj1ia4JS48bbrBvqur3yyGgcsCjwKcN2x,40114.45726229,5412833043958.46,134934719.63403198,40114.45726229,37436.26592164,38239.88161653,38135.1827736,38154.6063011,37410.94897663,46188.98235333,45014.96901534,42683.76277148,30628.77676945,28369.10218215,26666.67710146,31336.27488086,35770.69098832,30863.73304899,23628.60878495,21104.01470866,25057.36236598,22946.16668108,2.492866832178383e-05,134934719.63403198,134934719.63403198,2.671206583725945e-05,144587952.63631186,144587952.63631186,2.61507085724797e-05,141549419.4840459,141549419.4840459,2.622250445046442e-05,141938038.58482158,141938038.58482158,2.6209155248737815e-05,141865781.58460537,141865781.58460537,2.673014257469607e-05,144685798.99803576,144685798.99803576,2.1650184720467324e-05,117188835.26275009,117188835.26275009,2.2214832574009424e-05,120245179.82260299,120245179.82260299,2.342811259058374e-05,126812461.98789091,126812461.98789091,3.264903484482044e-05,176723774.66139525,176723774.66139525,3.524961747394338e-05,190800294.2498563,190800294.2498563,3.7499985326077614e-05,202981159.72095028,202981159.72095028,3.191189775434328e-05,172733774.66013306,172733774.66013306,2.7955847996521072e-05,151320337.80744916,151320337.80744916,3.240048760183028e-05,175378429.93155333,175378429.93155333,4.23215775884757e-05,229079633.64335307,229079633.64335307,4.7384349082625096e-05,256483570.48089585,256483570.48089585,3.9908430320570564e-05,216017670.37169805,216017670.37169805,4.3580263923757624e-05,235892692.63094604,235892692.63094604
5Gr1Q4nvabV3eM3poTEHWHg2HenrmNJknZeREYeMCZpP,46516.61187213,1052082.65318514,22.617353475296547,46516.61187213,47563.12358494,48948.78673045,48484.27251547,50373.93375283,51099.96637587,49624.49911623,51769.53944715,58009.26489218,52209.46546986,39633.55863373,36853.39161546,23288.54492206,26806.01128829,31379.78720501,26150.38498438,18839.09655104,18274.57890062,21610.89449859,2.1497696408949785e-05,22.61735347529655,22.61735347529655,2.1024691496851815e-05,22.11971321240691,22.11971321240691,2.042951555687735e-05,21.49353893036662,21.49353893036662,2.0625245014884517e-05,21.699462497853286,21.699462497853286,1.985153680684745e-05,20.88545751355053,20.88545751355053,1.9569484501113327e-05,20.588715175396786,20.588715175396786,2.0151336896273957e-05,21.20087198705951,21.20087198705951,1.931637813816889e-05,20.322426361532163,20.322426361532163,1.7238625620556798e-05,18.136458980140727,18.136458980140727,1.915361498150733e-05,20.151186067830878,20.151186067830878,2.5231143366191538e-05,26.54524825559744,26.54524825559744,2.7134544642032346e-05,28.54778371996002,28.54778371996002,4.2939565496543896e-05,45.175971994221,45.175971994221,3.730506524246829e-05,39.248012017540795,39.248012017540795,3.186764758686264e-05,33.52739922395547,33.52739922395547,3.8240354801557003e-05,40.2320139383632,40.2320139383632,5.3081101702023805e-05,55.84570631265546,55.84570631265546,5.472082314115994e-05,57.57082879482636,57.57082879482636,4.627295737644015e-05,48.68297576732805,48.68297576732805
5MZ7cmWu36UQcZGbvL1do1j85Z5D9XdLxfW9hCbgZL56,52797.98733407,3686018.19508633,69.81361186674971,52797.98733407,49711.85997988,40938.31308058,46403.40766904,50741.62342332,47452.44268555,44200.87514023,47438.21324442,44860.06872089,26977.79107333,25570.84270896,15881.15827506,13969.63158354,18746.32017222,17170.6005272,23234.97399774,24905.07715137,14821.7176185,15421.80046812,1.894011591147737e-05,69.81361186674971,69.81361186674971,2.0115924055240186e-05,74.14766207859012,74.14766207859012,2.4426995759001418e-05,90.03835081897584,90.03835081897584,2.155014147090737e-05,79.43421356844905,79.43421356844905,1.9707686363468156e-05,72.64289051879837,72.64289051879837,2.1073730737670023e-05,77.67815493740177,77.67815493740177,2.2623986444328047e-05,83.39242567917967,83.39242567917967,2.108005195827283e-05,77.70145507155888,77.70145507155888,2.2291539636771216e-05,82.16702069762682,82.16702069762682,3.706752703665909e-05,136.63157910397987,136.63157910397987,3.9107041225888145e-05,144.1492655146149,144.1492655146149,6.29676993755811e-05,232.10008560111808,232.10008560111808,7.158384915306357e-05,263.8593704525075,263.8593704525075,5.334380245366186e-05,196.62622643928844,196.62622643928844,5.823908129572387e-05,214.67031332115016,214.67031332115016,4.303856763933832e-05,158.64094340905478,158.64094340905478,4.015245541791029e-05,148.00268124781002,148.00268124781002,6.746856374809297e-05,248.69035357181264,248.69035357181264,6.484327183892721e-05,239.01347982721475,239.01347982721475
5QfYZGfcmNWCzLstRWLUhkhUgniPLse5RpWZjPSAwwsp,52912.6349677,998876928.405033,18877.852690851392,52912.6349677,52592.21770079,52670.28558398,52974.88800631,50561.11895664,63342.02372999,75641.11164024,74060.549173,86686.40548446,113342.38980489,141738.92770568,160672.21766725,160214.40731411,163019.66406823,166330.33712807,188853.49811468,175462.4527775,190290.33809871,196163.01790857,1.8899077708196543e-05,18877.852690851392,18877.852690851392,1.9014220044669817e-05,18992.865714237196,18992.865714237196,1.8986037172810702e-05,18964.71449376093,18964.71449376093,1.8876868600097596e-05,18855.668525170902,18855.668525170902,1.97780432995871e-05,19755.831140953305,19755.831140953305,1.5787307400577076e-05,15769.577124074476,15769.577124074476,1.3220323952352047e-05,13205.4765820449,13205.4765820449,1.3502465363361989e-05,13487.30112805037,13487.30112805037,1.1535834187740855e-05,11522.878620040354,11522.878620040354,8.822824379487862e-06,8812.915716039877,8812.915716039877,7.055224814995735e-06,7047.301292409907,7047.301292409907,6.22385135724576e-06,6216.8615265751405,6216.8615265751405,6.241635922538725e-06,6234.626118527996,6234.626118527996,6.134229301205416e-06,6127.340122520218,6127.340122520218,6.012132346187852e-06,6005.380291124667,6005.380291124667,5.295109754296195e-06,5289.162966938912,5289.162966938912,5.699225014642179e-06,5692.8243769149085,5692.8243769149085,5.255127559241954e-06,5249.225674752241,5249.225674752241,5.097800852891099e-06,5092.075657556418,5092.075657556418
5a7tVaNNhYcKcHjQL2UZqn2boJavQu6qPRqaFz1BGBQy,50048.05201712,75196824299721.8,1502492530.0588949,50048.05201712,48684.70471715,47819.89663136,50613.19856268,59506.80545981,72689.22462949,75171.13305698,72800.91204688,59030.23552567,67875.79388956,63776.67811452,66565.693634,70043.92330113,75293.16607252,70478.90601917,72574.75290832,90272.74320063,87833.30074691,118607.12749271,1.998079764738753e-05,1502492530.0588949,1502492530.0588949,2.0540332036721448e-05,1544567739.2232895,1544567739.2232895,2.0911797608199052e-05,1572500770.5350866,1572500770.5350866,1.9757692230448304e-05,1485715711.2209995,1485715711.2209995,1.680480059840189e-05,1263667637.9898868,1263667637.9898868,1.375719723380156e-05,1034497543.2467947,1034497543.2467947,1.3302978940626001e-05,1000341770.0611526,1000341770.0611526,1.3736091648907532e-05,1032910470.2877755,1032910470.2877755,1.6940471117807723e-05,1273869630.200299,1273869630.200299,1.4732792689350929e-05,1107859223.3053477,1107859223.3053477,1.5679712859994985e-05,1179064613.0031312,1179064613.0031312,1.502275339453875e-05,1129663347.5071797,1129663347.5071797,1.427675596783522e-05,1073566710.0833097,1073566710.0833097,1.3281417851878238e-05,998720444.6588763,998720444.6588763,1.4188642481595895e-05,1066940855.7401352,1066940855.7401352,1.3778896378238438e-05,1036129249.9984688,1036129249.9984688,1.1077540845053451e-05,832995892.598476,832995892.598476,1.1385203464930473e-05,856131144.5689605,856131144.5689605,8.431196515247058e-06,633999202.9934597,633999202.9934597
5ezsUUTzmY6d12faVfMCnX98DytLFnvWqGuqgCgPiBLo,56869.63912769,793666.69854933,13.95589475725882,56869.63912769,52016.6727774,46336.26234657,48405.2861454,51174.9191699,37476.54811227,44106.87587461,44716.02544251,56966.23661056,79837.72343472,71941.17440247,65937.46179028,72488.45828815,76361.17363936,78219.1221611,34510.2582038,30564.76088551,22007.82662457,19493.12745949,1.7584075006255787e-05,13.95589475725882,13.95589475725882,1.922460523915855e-05,15.257928971077119,15.257928971077119,2.1581369522654736e-05,17.128414299218516,17.128414299218516,2.0658900703452013e-05,16.39628151696719,16.39628151696719,1.9540822266470305e-05,15.508899895168723,15.508899895168723,2.668335400059418e-05,21.17768947587464,21.17768947587464,2.2672202013193306e-05,17.994171720654602,17.994171720654602,2.2363347146889626e-05,17.749043898584468,17.749043898584468,1.755425774106038e-05,13.93222978683141,13.93222978683141,1.25254072508425e-05,9.940998620762006,9.940998620762006,1.3900245698041682e-05,11.032162112189269,11.032162112189269,1.516588556563778e-05,12.036658327456674,12.036658327456674,1.3795299605143821e-05,10.948869893113372,10.948869893113372,1.3095660429773106e-05,10.393589578621121,10.393589578621121,1.2784597581399615e-05,10.14670935471118,10.14670935471118,2.89768912795294e-05,22.99799363604697,22.99799363604697,3.2717416103656656e-05,25.966723624053863,25.966723624053863,4.5438380493400426e-05,36.06292943362539,36.06292943362539,5.130013139647131e-05,40.71520592058422,40.71520592058422
5tbcHjDgmvkdEsvPc833MTXtQKDTNw2TSKPb87wiEu3j,43467.73827478,392195.56181884,9.022681588344614,43467.73827478,34267.89861948,33545.78097683,41788.06213498,41347.12154641,37858.87755177,5075.90436323,4083.29206143,3064.08399941,2961.6362504,2988.43241001,2997.87599057,2963.45797406,2971.07241236,2963.65170281,2781.01113749,2791.5195231,2791.72052349,2787.99888747,2.3005567800158593e-05,9.022681588344614,9.022681588344614,2.918183023430383e-05,11.444984303644802,11.444984303644802,2.981000802129776e-05,11.691352843737,11.691352843737,2.3930279340781368e-05,9.385349350539528,9.385349350539528,2.418548045424521e-05,9.485438094611274,9.485438094611274,2.641388399940155e-05,10.359408074962959,10.359408074962959,0.00019700922799965054,77.26614485881889,77.26614485881889,0.00024490043449152456,96.04886349508149,96.04886349508149,0.0003263618099871131,127.99765342410932,127.99765342410932,0.0003376511885498901,132.42529759212323,132.42529759212323,0.0003346235961872244,131.23788930448913,131.23788930448913,0.0003335695015889785,130.82447808131985,130.82447808131985,0.0003374436245606611,132.3438919167542,132.3438919167542,0.0003365788042862523,132.00471324336013,132.00471324336013,0.00033742156645865144,132.33524082704386,132.33524082704386,0.0003595814437847054,141.02624636477216,141.02624636477216,0.0003582278367480281,140.49536769254058,140.49536769254058,0.00035820204479131563,140.48525220158731,140.48525220158731,0.00035868020051739,140.67278275521195,140.67278275521195
5woNa6FqMapBa7hQLgnfa9WDSrTiATMr6FoFu6ktmNqT,41994.00059206,825953017.372523,19668.357520780948,41994.00059206,39768.22075395,40259.83948979,46881.94139981,47922.89681404,54915.57722485,63189.82064701,59417.27148819,54297.33802684,39158.44233701,33094.04201239,28825.25279786,29189.84329309,30429.09114592,37619.25121422,40549.27756873,29002.64012162,38936.64541498,39419.6344496,2.381292532031527e-05,19668.357520780948,19668.357520780948,2.514570632131372e-05,20769.172010052393,20769.172010052393,2.483864845645007e-05,20515.556640060295,20515.556640060295,2.133017469289471e-05,17617.722148679415,17617.722148679415,2.0866852099538135e-05,17235.03945467969,17235.03945467969,1.820976944129228e-05,15040.41401569332,15040.41401569332,1.5825333728769143e-05,13070.982144204034,13070.982144204034,1.6830123210870827e-05,13900.891048770094,13900.891048770094,1.8417109131679435e-05,15211.666858589675,15211.666858589675,2.553727728477252e-05,21092.591228836653,21092.591228836653,3.021691939671837e-05,24957.755751421853,24957.755751421853,3.469180329527727e-05,28653.799609828297,28653.799609828297,3.4258491556778113e-05,28295.904471951984,28295.904471951984,3.2863288463154846e-05,27143.532266926366,27143.532266926366,2.6582134617873574e-05,21955.594295835275,21955.594295835275,2.4661351815825208e-05,20369.117944766178,20369.117944766178,3.4479619641749464e-05,28478.54588095988,28478.54588095988,2.5682746660431938e-05,21212.742098597846,21212.742098597846,2.5368068830738413e-05,20952.832995662244,20952.832995662244
63TrvHQoG3uMh8XL1eGCs43ucxVRD1YNkEAmq8L8KWhh,76704.41616607,271120139463.876,3534609.2573976894,76704.41616607,70021.71555239,76649.22105331,75344.6481825,68981.1210276,70186.56123939,70200.24472864,59468.26373604,50543.51436991,71481.80129384,73039.23324915,68854.42567968,80591.15890678,91930.47771758,94379.47309665,76791.01295167,93862.2064983,102427.90939325,90660.4707774,1.303705901150379e-05,3534609.257397689,3534609.257397689,1.4281283914727904e-05,3871943.6866842383,3871943.6866842383,1.3046446999174249e-05,3537154.529924189,3537154.529924189,1.3272342815614422e-05,3598399.4351817546,3598399.4351817546,1.4496720046052752e-05,3930352.760654589,3930352.760654589,1.4247741766251137e-05,3862849.734711299,3862849.734711299,1.4244964584746302e-05,3862096.7848743917,3862096.7848743917,1.681569188632562e-05,4559072.7294021705,4559072.7294021705,1.978493210189849e-05,5364093.550750036,5364093.550750036,1.3989574715518195e-05,3792855.4479116066,3792855.4479116066,1.3691271875607178e-05,3711979.5403524614,3711979.5403524614,1.4523394685653668e-05,3937584.792663338,3937584.792663338,1.2408308970425684e-05,3364142.4585726755,3364142.4585726755,1.0877785309373722e-05,2949186.670135505,2949186.670135505,1.0595524293465196e-05,2872660.02413717,2872660.02413717,1.3022357194706764e-05,3530623.298777307,3530623.298777307,1.065391532233063e-05,2888491.008026606,2888491.008026606,9.762964078088467e-06,2646936.1824321565,2646936.1824321565,1.1030165533282029e-05,2990500.017693062,2990500.017693062
66ec8pJZpvYeeeM5mmu2dCCU6XXSthL9krCKToVxSC1Z,67312.88104745,848928809.374931,12611.684363599094,67312.88104745,58000.93401736,58203.82125324,50973.74376609,55384.88075541,66387.83903792,67026.97665849,47112.13784917,52005.3055319,48503.38856556,60483.39090815,68646.06665482,71487.32482146,74330.247229,86117.8328379,101449.24257679,118411.5271668,163140.8970655,227399.06508649,1.4855997610547716e-05,12611.684363599092,12611.684363599092,1.7241101663995524e-05,14636.467907927861,14636.467907927861,1.7181002526433497e-05,14585.44801863287,14585.44801863287,1.961794300589011e-05,16654.236998375545,16654.236998375545,1.8055469044271978e-05,15327.807838459734,15327.807838459734,1.5062999707353196e-05,12787.414407178283,12787.414407178283,1.4919366050107147e-05,12665.479657546228,12665.479657546228,2.1225952496605234e-05,18019.322580791926,18019.322580791926,1.9228807325948717e-05,16323.888508917595,16323.888508917595,2.061711623814369e-05,17502.463940791877,17502.463940791877,1.6533464559197726e-05,14035.734383082345,14035.734383082345,1.4567477041742273e-05,12366.750940642909,12366.750940642909,1.398849379939039e-05,11875.23538606509,11875.23538606509,1.345347334738649e-05,11421.04111075418,11421.04111075418,1.1611996807703053e-05,9857.758624428852,9857.758624428852,9.857146042692924e-06,8368.015253858117,8368.015253858117,8.445123747043253e-06,7169.3088476013845,7169.3088476013845,6.129670842734833e-06,5203.654170383112,5203.654170383112,4.397555458812706e-06,3733.211519810099,3733.211519810099
674DHtCWcxEoAspJDXMTvSNqSSReTu4BZAGE96yZhzjx,77376.80793744,1120924953.2094,14486.575281261023,77376.80793744,68134.25973725,74393.4030666,79767.06449501,80312.33155006,71851.92919857,51215.30732806,47887.40168283,29606.29978567,35565.42122498,25457.21492636,32162.80892225,32021.73854083,26188.69317938,25250.62906285,27246.16658174,31731.74381017,40678.91078816,41608.86058006,1.2923769106739465e-05,14486.575281261023,14486.575281261023,1.4676904157414442e-05,16451.70810590863,16451.70810590863,1.3442052101108471e-05,15067.531622473329,15067.531622473329,1.2536502456631799e-05,14052.478429609528,14052.478429609528,1.2451387983633417e-05,13957.071492946372,13957.071492946372,1.3917510791344237e-05,15600.485132578857,15600.485132578857,1.952541246300629e-05,21886.52205148956,21886.52205148956,2.0882319041305376e-05,23407.512494278988,23407.512494278988,3.377659509088733e-05,37861.02827182573,37861.02827182573,2.8117198266096522e-05,31517.269150803666,31517.269150803666,3.928159474210736e-05,44031.7197482873,44031.7197482873,3.109181173875044e-05,34851.58761845431,34851.58761845431,3.122878536794399e-05,35005.12477734901,35005.12477734901,3.8184417723728294e-05,42801.86665029832,42801.86665029832,3.960297375209755e-05,44391.96150002304,44391.96150002304,3.670241085108046e-05,41140.648165919534,41140.648165919534,3.1514183587965966e-05,35325.03476377319,35325.03476377319,2.4582762434510904e-05,27555.43183166193,27555.43183166193,2.4033342563560247e-05,26939.573388524248,26939.573388524248
6DHG5PmEMyPuX5EVH89TeyHEyhHhwpSJ61zf428ENQiV,67386.24469619,563694.93358552,8.365133509471129,67386.24469619,66885.33119559,67933.45043132,71661.37111011,70528.61105329,58285.23399306,67870.06281464,88822.81866583,75857.72806183,84267.80703241,89506.81039679,91573.90964882,92647.85789567,95157.47385476,91289.62559423,94141.51279057,78018.07479313,63398.18850385,45891.16889005,1.483982383212608e-05,8.365133509471129,8.365133509471129,1.4950961326269605e-05,8.427781151851223,8.427781151851223,1.472028865972279e-05,8.297752138402121,8.297752138402121,1.3954519492286406e-05,7.8660919384222305,7.8660919384222305,1.4178643036716264e-05,7.99242924491457,7.99242924491457,1.7157004124219e-05,9.671316300328122,9.671316300328122,1.4734036753893997e-05,8.305501869432888,8.305501869432888,1.1258368232629601e-05,6.346285133173471,6.346285133173471,1.3182572501840834e-05,7.430949330911472,7.430949330911472,1.1866928014578484e-05,6.689327199041966,6.689327199041966,1.1172334211965878e-05,6.297788191609339,6.297788191609339,1.0920140942272041e-05,6.155628123198556,6.155628123198556,1.0793557700234062e-05,6.084273790984918,6.084273790984918,1.0508896038227245e-05,5.923811454325642,5.923811454325642,1.0954147237330825e-05,6.174797299433207,6.174797299433207,1.0622306465635724e-05,5.987740337671569,5.987740337671569,1.2817542635492673e-05,7.225183844643613,7.225183844643613,1.577332134559764e-05,8.891341328329727,8.891341328329727,2.179068487873747e-05,12.283298665502913,12.283298665502913
6S4peLUK87L6c4UkNyrf7ZxXeMKQ8xoMQJLLDYbx86w,116007.47827654,129000383.204918,1112.0005806643376,116007.47827654,112580.62057402,108766.17449224,108890.56129228,110084.40561854,112653.86285486,115289.92574244,130684.5525493,140417.70094597,144852.62332076,152675.26583312,141066.14487768,174312.54669648,182200.17691913,180788.30984091,178093.7109328,197796.77312641,179923.53053564,199269.25092746,8.620133933229616e-06,1112.0005806643376,1112.0005806643376,8.882523429887435e-06,1145.8489262821417,1145.8489262821417,9.194034861190652e-06,1186.0340202929692,1186.0340202929692,9.183532421288904e-06,1184.6792015210572,1184.6792015210572,9.083938768449723e-06,1171.8315821400251,1171.8315821400251,8.876748427955562e-06,1145.103948819921,1145.103948819921,8.673784752312357e-06,1118.9215568852687,1118.9215568852687,7.652013803412271e-06,987.112712929505,987.112712929505,7.121609264809005e-06,918.6903241960559,918.6903241960559,6.903568448226245e-06,890.5629753025668,890.5629753025668,6.54984941105679e-06,844.9330839608324,844.9330839608324,7.088873101814124e-06,914.4673466250576,914.4673466250576,5.73682169730008e-06,740.0521973299984,740.0521973299984,5.488468874779702e-06,708.0145880548466,708.0145880548466,5.5313310959097936e-06,713.5438310056423,713.5438310056423,5.615021410707363e-06,724.3399136850691,724.3399136850691,5.0556942067043215e-06,652.1864900317414,652.1864900317414,5.557916727306081e-06,716.9733876435082,716.9733876435082,5.018335720868596e-06,647.3672310429772,647.3672310429772
6UHgWtgueqsu32mxGxD2hwAjgR8xuMPPDQs5jxwdYeU,460644.27100385,32915011.6484924,71.45429503934349,460644.27100385,173504.21167809,261913.73723418,163003.51693135,127596.68079635,188288.43863506,157687.96921488,132847.8351273,87958.99520926,97004.30076882,68333.40802086,66084.83563519,94422.86475459,181571.19141054,406127.62772948,305094.19099067,291154.74579997,144725.07015254,226262.42619855,2.170872542972845e-06,71.4542950393435,71.4542950393435,5.7635488518016144e-06,189.70727759370513,189.70727759370513,3.81805097571453e-06,125.67119234018153,125.67119234018153,6.134836958279597e-06,201.92822994337462,201.92822994337462,7.837194461163489e-06,257.96134698069636,257.96134698069636,5.311000543895297e-06,174.81164476746318,174.81164476746318,6.341637887652094e-06,208.7350849425894,208.7350849425894,7.5274090770223e-06,247.76475745315642,247.76475745315642,1.1368933872208714e-05,374.20859083468963,374.20859083468963,1.030882127982339e-05,339.3149725076132,339.3149725076132,1.4634130346531699e-05,481.682570821647,481.682570821647,1.5132064571066325e-05,498.07208162238726,498.07208162238726,1.0590655161745544e-05,348.5915380140207,348.5915380140207,5.507481623221597e-06,181.27882178219667,181.27882178219667,2.462280159541611e-06,81.04598013316385,81.04598013316385,3.277676303022697e-06,107.88475369397958,107.88475369397958,3.434599691145076e-06,113.04988884194857,113.04988884194857,6.909652895286225e-06,227.43130553538535,227.43130553538535,4.419646765046527e-06,145.4727247537282,145.4727247537282
6WnPt6nzVw85gc5hoBjdBLD61pgskKLRH4CuVBD67UrF,48512.93973044,468175.9642605,9.650537915490156,48512.93973044,44689.91036555,46633.02583285,50976.40890533,51953.43308102,51535.71862953,51269.37047164,53756.08742464,62823.68901595,63068.15932311,57898.39492063,47735.22831565,55161.08533779,49000.90819922,50790.65123835,63842.34920119,65983.88582078,68433.76185746,70779.80286498,2.0613057166942587e-05,9.650537915490156,9.650537915490156,2.2376415432931088e-05,10.476099872006046,10.476099872006046,2.1444029893843253e-05,10.039579373181052,10.039579373181052,1.9616917344200012e-05,9.184169193439367,9.184169193439367,1.9248006160450005e-05,9.011453844260725,9.011453844260725,1.940401776850356e-05,9.08449472929703,9.08449472929703,1.950482307078759e-05,9.131689348896426,9.131689348896426,1.8602544342571207e-05,8.709264135281984,8.709264135281984,1.5917562557431398e-05,7.452220199002275,7.452220199002275,1.58558615113026e-05,7.423333252235044,7.423333252235044,1.7271635964534935e-05,8.086164822052474,8.086164822052474,2.0948889013109632e-05,9.807766313898796,9.807766313898796,1.812872233887892e-05,8.487432061815506,8.487432061815506,2.0407785013583034e-05,9.554434427155218,9.554434427155218,1.9688662689265535e-05,9.21775863954662,9.21775863954662,1.5663584008298998e-05,7.3333135468607304,7.3333135468607304,1.51552153614614e-05,7.095307565427732,7.095307565427732,1.4612670308595485e-05,6.841301012147468,6.841301012147468,1.4128324176143954e-05,6.61454179455113,6.61454179455113
6XtEv71vaREssd14ivJgy7PrVGRivJNCobw4omnD7uwF,129642.16913613,1427093.93548913,11.007945524196053,129642.16913613,128785.65220969,140975.73608912,138897.0046103,144026.99043223,157422.97487002,197610.6799114,229802.97595705,228179.49454417,241926.60094814,318083.48500194,304154.89047394,314966.2617432,407978.89000858,432130.69138008,412609.03047837,438815.31314583,395726.87024147,468599.40844428,7.713539557872992e-06,11.007945524196051,11.007945524196051,7.764840126536693e-06,11.081156254623163,11.081156254623163,7.093419248882903e-06,10.12297559196265,10.12297559196265,7.1995793055845665e-06,10.274475965072776,10.274475965072776,6.943143066441681e-06,9.908517363352324,9.908517363352324,6.35231293796648e-06,9.065347270101102,9.065347270101102,5.060455236773419e-06,7.221744979213556,7.221744979213556,4.351553742223509e-06,6.210075955482199,6.210075955482199,4.382514747864096e-06,6.254260218868525,6.254260218868525,4.133485098707118e-06,5.898871516799615,5.898871516799615,3.1438287341258883e-06,4.486538920687524,4.486538920687524,3.2877985241065193e-06,4.691997334862526,4.691997334862526,3.1749432287300835e-06,4.53094222724298,4.53094222724298,2.4511072128731207e-06,3.4979602387248945,3.4979602387248945,2.314114734147525e-06,3.302459103127973,3.302459103127973,2.4236018267477607e-06,3.4587074689921065,3.4587074689921065,2.278863043386258e-06,3.2521516290268306,3.2521516290268306,2.5269954486280056e-06,3.60625987974566,3.60625987974566,2.13401891248633e-06,3.04544544822835,3.04544544822835
6cDcHWJwXtneTZq4BQpTVF1xtkLBVCbnkWPAYNKBML8Y,91902.54017888,10359659.2139209,112.72440559049575,91902.54017888,92996.55275137,70277.83008174,72255.73551932,75617.82124498,83967.67701924,102874.50397916,132199.28080475,117496.51110391,93915.72087719,94050.72452228,128094.44529162,131782.09875948,149840.79816052,149581.87459708,86885.11833813,116703.48061048,105928.9383216,99879.45745431,1.088109205745119e-05,112.72440559049575,112.72440559049575,1.0753086758748359e-05,111.39831431835827,111.39831431835827,1.4229238421802467e-05,147.4100609235032,147.4100609235032,1.3839731791708305e-05,143.37490497416496,143.37490497416496,1.3224395830716777e-05,137.0002341162222,137.0002341162222,1.1909344589476545e-05,123.37675140812972,123.37675140812972,9.720581498041312e-06,100.7019116808527,100.7019116808527,7.564337671979752e-06,78.363960460734,78.363960460734,8.51089100948396e-06,88.16993046507707,88.16993046507707,1.0647844585121822e-05,110.30804126465506,110.30804126465506,1.0632560302745e-05,110.14970130790184,110.14970130790184,7.806739767078881e-06,80.87516355870143,80.87516355870143,7.588284064477787e-06,78.61203692641645,78.61203692641645,6.673749821652242e-06,69.13777383128262,69.13777383128262,6.685301963848507e-06,69.25745008762668,69.25745008762668,1.1509450860253297e-05,119.23398865159291,119.23398865159291,8.568724726708792e-06,88.76906806660058,88.76906806660058,9.440290970952644e-06,97.79819733932383,97.79819733932383,1.0012068802610902e-05,103.72162082137802,103.72162082137802
6hXeBehoZv3gEHed2Zzg1cxBB1uHPfxUjXEBrq2zdKk8,112826.19030013,1001598761.1354,8877.360464543188,112826.19030013,93813.45644651,81370.57800191,85673.94861098,67723.90330618,69466.47823449,88577.76258728,86183.24145858,109737.94954292,97434.22184819,84941.51860412,61397.75811629,64557.28939629,48045.63797327,50036.16062803,60738.86907067,57000.13047705,74831.80047619,64398.82366995,8.863190340291476e-06,8877.360464543188,8877.360464543188,1.0659451616838934e-05,10676.493533808614,10676.493533808614,1.228945430345262e-05,12309.102205368255,12309.102205368255,1.1672159579578892e-05,11690.82057468091,11690.82057468091,1.4765835269107225e-05,14789.442312667194,14789.442312667194,1.4395432522495455e-05,14418.447380539696,14418.447380539696,1.1289515232614406e-05,11307.564470805817,11307.564470805817,1.1603183902993529e-05,11621.734622464533,11621.734622464533,9.112617869799785e-06,9127.186769091773,9127.186769091773,1.0263334391463368e-05,10279.743011608054,10279.743011608054,1.1772805766054387e-05,11791.627670367769,11791.627670367769,1.6287239643277477e-05,16313.279049022096,16313.279049022096,1.549011752741695e-05,15514.882525302562,15514.882525302562,2.0813544000734178e-05,20846.81988597249,20846.81988597249,1.9985546201956296e-05,20017.498316493726,20017.498316493726,1.64639219547617e-05,16490.24383331923,16490.24383331923,1.754381949007346e-05,17571.867866840665,17571.867866840665,1.3363302681968481e-05,13384.667410937,13384.667410937,1.552823394919593e-05,15553.059886135305,15553.059886135305
6j39tM3CzqPfqkV3MCuzq5UktRYJFJcsApwmaCEKyzZv,50280.04453729,1313653288105.91,26126732.78623777,50280.04453729,50052.46184866,50402.52990046,52723.26918007,51139.82379835,54236.09491769,49203.49575993,53128.9570253,58873.55169548,59062.15530421,53346.02503607,51947.25183843,60872.96141273,41274.41275076,48077.83176227,66009.01307525,65204.6425297,68060.16661705,52492.03565134,1.9888606090202525e-05,26126732.786237773,26126732.786237773,1.997903725542267e-05,26245527.983776465,26245527.983776465,1.9840273930195584e-05,26063241.085323393,26063241.085323393,1.8966957390002127e-05,24916005.94074098,24916005.94074098,1.95542324107942e-05,25687481.702826954,25687481.702826954,1.8437905633095893e-05,24221015.3607029,24221015.3607029,2.0323759207661275e-05,26698373.109817,26698373.109817,1.8822127442174334e-05,24725749.603560794,24725749.603560794,1.69855558430115e-05,22313131.28347861,22313131.28347861,1.6931315744393756e-05,22241878.59958222,22241878.59958222,1.874553913480617e-05,24625139.12175614,24625139.12175614,1.9250296495188434e-05,25288215.28791796,25288215.28791796,1.6427654853520497e-05,21580242.81419621,21580242.81419621,2.422808547364703e-05,31827304.146967452,31827304.146967452,2.079960687380185e-05,27323471.961080085,27323471.961080085,1.5149446316672e-05,19901119.96688014,19901119.96688014,1.5336331297951844e-05,20146622.037036017,20146622.037036017,1.4692882044010253e-05,19301352.80886635,19301352.80886635,1.9050509045641714e-05,25025763.847898617,25025763.847898617
6ruBroXz2EgLPCckJrLHnJ2Jhvex67PENodRuU8ywP7s,92829.67925913,27497240.7052218,296.21173879599917,92829.67925913,84747.64790762,79158.73937076,78787.22675428,77909.38095604,82833.47992461,91123.99772478,91460.21224864,104710.15659824,112161.45649947,132123.89235687,154647.44662657,139791.39702241,152705.69810858,138018.90677585,93933.1388231,109921.26488241,88170.06660355,88698.16603634,1.0772416838892048e-05,296.21173879599917,296.21173879599917,1.1799737511182135e-05,324.46022260340993,324.46022260340993,1.2632843927898432e-05,347.3683502769228,347.3683502769228,1.2692412732317381e-05,349.00632803055294,349.00632803055294,1.283542479389286e-05,352.93876511144384,352.93876511144384,1.2072413242931955e-05,331.95805283380724,331.95805283380724,1.0974057602480086e-05,301.75630340836415,301.75630340836415,1.093371615278391e-05,300.64702485567085,300.64702485567085,9.550171945944814e-06,262.603376773901,262.603376773901,8.915718743405631e-06,245.15766434748227,245.15766434748227,7.568653800320797e-06,208.11709536191267,208.11709536191267,6.466320794902733e-06,177.80597937462161,177.80597937462161,7.153516033892198e-06,196.70195227259734,196.70195227259734,6.548544110573785e-06,180.06689367720998,180.06689367720998,7.245384153230926e-06,199.2280720631904,199.2280720631904,1.0645870163917916e-05,292.73205441378997,292.73205441378997,9.097420786321607e-06,250.1539691581734,250.1539691581734,1.1341717643204513e-05,311.8659400458554,311.8659400458554,1.1274190264433382e-05,310.0091234575929,310.0091234575929
6x6inFniDY6e2byN7zzktQMXbieD9uZy84Ytwth1Ziib,57569.15835641,873255.09291626,15.168800758036928,57569.15835641,55646.00769715,56149.92089071,56462.50776314,54918.08427325,57801.27557963,56212.61012009,54578.80923289,49278.85564806,44162.52620334,44990.83054083,32325.26737538,40571.37172971,33590.05029624,37630.59879777,46897.6708015,55578.9360654,66809.38336554,55162.90303599,1.7370412014867605e-05,15.16880075803693,15.16880075803693,1.79707411435954e-05,15.693041227124459,15.693041227124459,1.7809464094284235e-05,15.552205222442975,15.552205222442975,1.771086761138907e-05,15.466105341611142,15.466105341611142,1.8208938152765992e-05,15.901047978500099,15.901047978500099,1.7300656256665977e-05,15.107886186927123,15.107886186927123,1.7789602686366042e-05,15.534861146825927,15.534861146825927,1.8322129303572002e-05,15.9998927274145,15.9998927274145,2.0292679017179406e-05,17.72068530066684,17.72068530066684,2.264363219159257e-05,19.773667133430784,19.773667133430784,2.2226751273072893e-05,19.40962374819387,19.40962374819387,3.093555231538884e-05,27.014628611590705,27.014628611590705,2.4647921856379094e-05,21.52392329088504,21.52392329088504,2.977072053125023e-05,25.99743332370093,25.99743332370093,2.657411872115254e-05,23.205984513007788,23.205984513007788,2.132302058736818e-05,18.620436324277527,18.620436324277527,1.7992427901521816e-05,15.711979298932542,15.711979298932542,1.4967957338097448e-05,13.070844976046903,13.070844976046903,1.812812497100758e-05,15.830477455954796,15.830477455954796
6xDwb2xLAkqMyhuyZJDWs7uzyChBfxe2xz5KVy53rqXQ,70633.71590721,18030605.1061903,255.26910023927837,70633.71590721,71765.78952672,75185.72867729,57427.35371945,61501.78800989,57840.21774728,50295.54330033,55845.67088429,56612.42697973,58513.97034224,81309.38909699,75463.69379438,74078.39549585,77552.43166411,78555.59160742,82976.74578923,79421.77285854,76610.22012236,65748.40396909,1.4157544837562822e-05,255.26910023927837,255.26910023927837,1.3934215823371913e-05,251.2423429756473,251.2423429756473,1.330039646609227e-05,239.8141964358787,239.8141964358787,1.7413304553180398e-05,313.9724179922213,313.9724179922213,1.6259689878271373e-05,293.1720473442306,293.1720473442306,1.7289008218628743e-05,311.7312798677735,311.7312798677735,1.9882477340560684e-05,358.49309746042644,358.49309746042644,1.7906490944874853e-05,322.8648670646109,322.8648670646109,1.7663966258822443e-05,318.4920002218971,318.4920002218971,1.7089935858926346e-05,308.14188476242214,308.14188476242214,1.2298702660367413e-05,221.7530509875369,221.7530509875369,1.3251405407277756e-05,238.9308580006601,238.9308580006601,1.3499212466825389e-05,243.39896923388963,243.39896923388963,1.2894502190867906e-05,232.4956770444449,232.4956770444449,1.2729838570849036e-05,229.52669233652887,229.52669233652887,1.2051569273879567e-05,217.29708648721908,217.29708648721908,1.2591005765901545e-05,227.02345285473592,227.02345285473592,1.3053088718487221e-05,235.3550880991107,235.3550880991107,1.5209494674123581e-05,274.2363923338268,274.2363923338268
7CJa5CqV1ykGEwgEbDjZETWcqBrTcWgQWagnXGJAmPcJ,68236.65335325,5783454.24333016,84.75583076136753,68236.65335325,65035.64138313,66568.89604807,65503.90738685,64883.94647048,79309.18648725,78703.15631677,76965.11580434,80450.4340003,75790.40190649,69210.95451344,58471.46291596,70219.52667015,72536.89254933,67562.37394074,63389.29173864,41079.92177503,49838.35300664,51010.89838157,1.46548804910341e-05,84.75583076136755,84.75583076136755,1.5376184177363956e-05,88.92745762680164,88.92745762680164,1.502203069850957e-05,86.8792271867311,86.8792271867311,1.5266264867136025e-05,88.29174432564,88.29174432564,1.5412132806301574e-05,89.13536487737281,89.13536487737281,1.2608879806890507e-05,72.92287942280088,72.92287942280088,1.2705970723399323e-05,73.4844002958726,73.4844002958726,1.299289930963257e-05,75.143838645456,75.143838645456,1.2430013739842237e-05,71.88841570834278,71.88841570834278,1.3194282849084206e-05,76.3085311312344,76.3085311312344,1.4448579809801802e-05,83.56270021109272,83.56270021109272,1.7102359854366605e-05,98.91071567069592,98.91071567069592,1.4241052986549047e-05,82.36247832454674,82.36247832454674,1.3786088221520273e-05,79.73121042367536,79.73121042367536,1.480113769947035e-05,85.60170263411581,85.60170263411581,1.5775535150685922e-05,91.23708570803859,91.23708570803859,2.4342792215535314e-05,140.7854249334421,140.7854249334421,2.0064868513346927e-05,116.04424894537802,116.04424894537802,1.960365395880374e-05,113.37683567281958,113.37683567281958
7RqJVEx6WvQC7wsjwVWqDyKa6hX6Hi7sLt7H7djVMdN9,62494.35526199,9273054448165980.0,148382272435.50732,62494.35526199,59824.25369266,61228.779133,54974.37097559,54531.11590295,64751.2618747,69763.70799006,73514.07807566,57111.23550812,53853.10274071,46492.63694353,41531.15908555,43187.05486749,36665.66606827,29829.19188317,29530.16517721,44309.1974983,43016.91129673,47760.96413129,1.600144518345347e-05,148382272435.5073,148382272435.5073,1.6715628499728242e-05,155004933213.295,155004933213.295,1.633218911368164e-05,151449278908.9135,151449278908.9135,1.8190294536412706e-05,168679591664.33118,168679591664.33118,1.8338153977624772e-05,170050700313.36606,170050700313.36606,1.5443714470539546e-05,143210405167.24203,143210405167.24203,1.4334100477320974e-05,132920894191.67935,132920894191.67935,1.3602836710688385e-05,126139845467.72441,126139845467.72441,1.7509689487593404e-05,162368303988.9331,162368303988.9331,1.8569032221128734e-05,172191646836.2752,172191646836.2752,2.150878215865882e-05,199452108070.98422,199452108070.98422,2.4078307035450198e-05,223279452159.38766,223279452159.38766,2.3155086705224066e-05,214718379769.54697,214718379769.54697,2.727347153977893e-05,252908386578.87527,252908386578.87527,3.3524206888226575e-05,310871795806.106,310871795806.106,3.386367783583389e-05,314019728386.8391,314019728386.8391,2.2568677756765215e-05,209280577661.59628,209280577661.59628,2.3246671363780982e-05,215567649294.96194,215567649294.96194,2.093760078316473e-05,194155512076.2492,194155512076.2492
7V6Mip6yBeKu7WJqahbipH6zcKU4ndpzLCUqXAiBhzJd,74705.41057046,1001001743.95559,13399.320562082636,74705.41057046,72897.95106416,74764.43721508,72043.10323928,74311.34211638,78246.62090587,80177.37531477,89804.75344411,95829.26394542,95295.24849968,88136.37784936,89353.82187231,91079.590501,94040.8267555,105630.58636533,106645.14847407,90779.36016955,70330.2044138,71476.4318456,1.3385911306341443e-05,13399.320562082634,13399.320562082634,1.3717806679091233e-05,13731.548409015964,13731.548409015964,1.3375343107622561e-05,13388.741776734565,13388.741776734565,1.3880579195466568e-05,13894.483981775715,13894.483981775715,1.3456895966619557e-05,13470.376330815121,13470.376330815121,1.2780104602893858e-05,12792.906995431615,12792.906995431615,1.247234642034713e-05,12484.840517985738,12484.840517985738,1.1135268030353762e-05,11146.422717797044,11146.422717797044,1.0435225721545295e-05,10445.67914583707,10445.67914583707,1.0493702632019034e-05,10504.214635202417,10504.214635202417,1.1346052837673558e-05,11357.418677523503,11357.418677523503,1.119146309632998e-05,11202.674076840938,11202.674076840938,1.0979408169265107e-05,10990.406725034623,10990.406725034623,1.063367937629828e-05,10644.331600339168,10644.331600339168,9.466954926686076e-06,9476.438391561727,9476.438391561727,9.37689162900029e-06,9386.284873511864,9386.284873511864,1.1015719852313177e-05,11026.754783091705,11026.754783091705,1.4218642023508503e-05,14232.88546221225,14232.88546221225,1.399062563951363e-05,14004.640664182936,14004.640664182936
7aa5QCXL4QwiSbdVXJSocJpWqvqSgDd4mhkqw3VsaKM1,63534.32370552,57740461.3921039,908.8073662313539,63534.32370552,63279.53189162,66794.85359413,70860.31157862,69933.22675775,68350.99044623,67998.75983751,58944.94064862,64920.54247183,71157.38853811,71570.38853203,94282.33938246,104150.13371939,104672.12534147,90315.30387093,100288.5234873,76647.16358882,98781.0846635,125782.2307267,1.573952379874184e-05,908.8073662313539,908.8073662313539,1.580289819009278e-05,912.4666328284007,912.4666328284007,1.4971213292514514e-05,864.444763109387,864.444763109387,1.411227212697891e-05,814.8491039026898,814.8491039026898,1.429935448944775e-05,825.6513258299653,825.6513258299653,1.4630365902110442e-05,844.7640775231614,844.7640775231614,1.470615055906317e-05,849.1399185820542,849.1399185820542,1.6964984424382684e-05,979.5660281737124,979.5660281737124,1.540344491782266e-05,889.4020165829385,889.4020165829385,1.4053354409773297e-05,811.4471677270682,811.4471677270682,1.397225892594489e-05,806.764677074,806.764677074,1.060644025752756e-05,612.4207541974267,612.4207541974267,9.601523918291682e-06,554.3964211094831,554.3964211094831,9.553641876838919e-06,551.6316899436047,551.6316899436047,1.1072320605033942e-05,639.3209004159588,639.3209004159588,9.971230657580023e-06,575.7434588157621,575.7434588157621,1.3046797209151563e-05,753.3280905456247,753.3280905456247,1.0123395621808796e-05,584.5295340580444,584.5295340580444,7.950248570267473e-06,459.0510206291583,459.0510206291583
7phiZcRXaSoqWTmiBD7VrRnDiv5LdMfxHffBg6xTxfmb,40941.88158178,1191072684.39693,29091.791544015956,40941.88158178,46110.77269945,49657.42548407,46756.55847364,43747.160345,50806.73459495,43500.52311452,48170.04250573,37371.29253525,36109.32711173,42179.94190689,42412.01269051,53780.58646283,46340.1865993,44817.35765748,41100.821575,42748.67429296,37296.22779104,33386.04918273,2.4424866697993215e-05,29091.79154401596,29091.79154401596,2.1686906149198576e-05,25830.681523390234,25830.681523390234,2.01379751417197e-05,23985.79211036673,23985.79211036673,2.1387373935226032e-05,25473.916885230603,25473.916885230603,2.2858626528299754e-05,27226.285660688864,27226.285660688864,1.9682430055235163e-05,23443.20480134376,23443.20480134376,2.2988229299389986e-05,27380.65198115659,27380.65198115659,2.0759790691092837e-05,24726.419625958344,24726.419625958344,2.675850718989081e-05,31871.3269891178,31871.3269891178,2.7693675844631098e-05,32985.180829083176,32985.180829083176,2.3707951096932455e-05,28237.89295457448,28237.89295457448,2.3578225520614292e-05,28083.380364154265,28083.380364154265,1.8594070198381747e-05,22146.889105051505,22146.889105051505,2.1579541935101004e-05,25702.802940696874,25702.802940696874,2.2312783534508538e-05,26576.146980814705,26576.146980814705,2.433041388662314e-05,28979.291380428567,28979.291380428567,2.339253828427338e-05,27862.21336910745,27862.21336910745,2.6812363051907324e-05,31935.473235260317,31935.473235260317,2.9952630649010184e-05,35675.76019186632,35675.76019186632
7rMLx2oLF13iUCwNdZAXo1KY5AN4jWbiagi3zUTFL4KX,103014.97876365,767431.25298884,7.449705491369152,103014.97876365,105751.10029073,107014.94780239,112248.67991088,108040.06789218,767431.25298884,110805.21668952,108259.26313828,119179.5590508,127956.48026641,121876.36660246,106472.05523364,106792.31473737,113221.15224302,112847.1019628,115769.19650428,118932.50700043,125836.93209566,111970.18383875,9.707326177238036e-06,7.449705491369152,7.449705491369152,9.4561663874022e-06,7.256957619155023,7.256957619155023,9.344488975937871e-06,7.171252883344403,7.171252883344403,8.90879073850981e-06,6.836884439069957,6.836884439069957,9.255825357292103e-06,7.103209651392556,7.103209651392556,1.3030483135856105e-06,1.0,1.0,9.024845850011142e-06,6.925948758705184,6.925948758705184,9.237084855479719e-06,7.088827604605038,7.088827604605038,8.390700619841632e-06,6.4392858901393,6.4392858901393,7.815157137160728e-06,5.997595834075933,5.997595834075933,8.205036200839742e-06,6.2968012124292345,6.2968012124292345,9.392135784414243e-06,7.207818533274343,7.207818533274343,9.363969705678346e-06,7.186203004178273,7.186203004178273,8.832271887266977e-06,6.778161481183403,6.778161481183403,8.861547905143807e-06,6.800628812265142,6.800628812265142,8.637876310759658e-06,6.628976240328903,6.628976240328903,8.408130167443493e-06,6.452661869694425,6.452661869694425,7.946792593765794e-06,6.0986169974761175,6.0986169974761175,8.930948987635096e-06,6.853889371960214,6.853889371960214
7vsRR9aVRf2PmMrgMJbxpqJpi93rrrkMnwzzE1Ljihz5,55756.81628755,20887904.8665978,374.62513567622557,55756.81628755,54705.67314951,54782.94000702,54814.83376337,55461.0454214,55512.8482812,55411.33836548,55807.318014,54123.06423426,54490.62836105,51178.1327638,49707.95511129,48930.32830727,46845.65657089,46681.76085912,46622.32803479,46593.91279418,46470.54925749,46459.48913972,1.79350269004382e-05,374.62513567622557,374.62513567622557,1.827963979653465e-05,381.8233770656909,381.8233770656909,1.825385785925067e-05,381.2848464124266,381.2848464124266,1.8243236936864522e-05,381.0629975960292,381.0629975960292,1.803067346462502e-05,376.62299200977685,376.62299200977685,1.8013847802125123e-05,376.27153917216145,376.27153917216145,1.8046847982704152e-05,376.96084380467676,376.96084380467676,1.7918796953280157e-05,374.28612608399845,374.28612608399845,1.8476411381139027e-05,385.9335232053569,385.9335232053569,1.835177956425993e-05,383.33022567103507,383.33022567103507,1.9539595252825116e-05,408.14120677283705,408.14120677283705,2.0117504286006593e-05,420.2125156794792,420.2125156794792,2.0437222364833826e-05,426.8907564941539,426.8907564941539,2.1346696219034368e-05,445.88775983935284,445.88775983935284,2.1421642662920988e-05,447.4532340293464,447.4532340293464,2.144895036673825e-05,448.0236347488066,448.0236347488066,2.1462030982830636e-05,448.2968614133408,448.2968614133408,2.1519005391114948e-05,449.48693743341425,449.48693743341425,2.1524128192469978e-05,449.59394202076857,449.59394202076857
7xvVAKmuCRqGLF7xb5rngyNsHthk7MNTsDjMHhmjoSJg,82624.23145426,1353591138991890.0,16382495972.034853,82624.23145426,84516.40468664,84096.75690401,83137.2669252,82759.64719652,78685.08606078,76779.84706157,71731.41630354,79999.25031244,88097.16037399,82475.36930663,85602.57865825,119254.30089558,121084.77266458,118002.55118698,119308.46465199,134732.73385205,145652.85065769,149095.48404144,1.2102987009974072e-05,16382495972.034853,16382495972.034853,1.18320224778572e-05,16015720782.380371,16015720782.380371,1.1891064968669638e-05,16095640174.768099,16095640174.768099,1.2028300147269898e-05,16281400496.47938,16281400496.47938,1.2083183458061545e-05,16355690059.64549,16355690059.64549,1.27088886860663e-05,17202639111.893627,17202639111.893627,1.3024251001673613e-05,17629510747.87165,17629510747.87165,1.3940893008000587e-05,18870269245.263588,18870269245.263588,1.2500117139778979e-05,16920047796.765474,16920047796.765474,1.1351103665030753e-05,15364753338.763994,15364753338.763994,1.2124832036606743e-05,16412065206.515879,16412065206.515879,1.168189107938309e-05,15812504251.721357,15812504251.721357,8.385441803693166e-06,11350459722.011242,11350459722.011242,8.258676776559884e-06,11178871704.549564,11178871704.549564,8.474393052871018e-06,11470863344.700642,11470863344.700642,8.381634973820951e-06,11345306830.828562,11345306830.828562,7.422101306859102e-06,10046490561.664608,10046490561.664608,6.865639741924291e-06,9293269118.179287,9293269118.179287,6.7071112611436125e-06,9078686371.316713,9078686371.316713
88rSKiP7YfB37XdRU1n4TjARfFvBTGsgWoin3XHiz2WP,78918.04104573,1000270653.71005,12674.803384063109,78918.04104573,83980.26861046,80997.47275119,81671.95745121,82546.80055988,89893.28024936,90079.12636479,92906.82729822,93555.15114901,90288.0010079,83755.08049688,90767.79063618,110638.81657981,99159.21632194,97651.49516603,98828.84137576,123487.14391829,108609.4413641,125775.91528004,1.2671373829724664e-05,12674.803384063109,12674.803384063109,1.1907558960527626e-05,11910.781785537933,11910.781785537933,1.2346064216988896e-05,12349.405725073739,12349.405725073739,1.2244104723428356e-05,12247.418635797992,12247.418635797992,1.2114339904362416e-05,12117.618695402338,12117.618695402338,1.112430203043035e-05,11127.312864046602,11127.312864046602,1.1101351005007955e-05,11104.355626844028,11104.355626844028,1.0763471631531636e-05,10766.384805061729,10766.384805061729,1.068888230865289e-05,10691.775294306015,10691.775294306015,1.1075668846766273e-05,11078.666517630936,11078.666517630936,1.1939574221258752e-05,11942.805711318153,11942.805711318153,1.101712394882729e-05,11020.10577429812,11020.10577429812,9.03841916348268e-06,9040.865445162264,9040.865445162264,1.0084791279040592e-05,10087.520765215344,10087.520765215344,1.024049860475531e-05,10243.270233695448,10243.270233695448,1.0118503729067014e-05,10121.24233964144,10121.24233964144,8.098008977045321e-06,8100.200733218977,8100.200733218977,9.207302674982197e-06,9209.794665610734,9209.794665610734,7.950647767289156e-06,7952.799639604673,7952.799639604673
8E4vy7ukicjC7KVm41TpUZEV8Db61vNhGddzc6yYEwrC,86856.148908,906547.91240815,10.437348694430213,86856.148908,86128.39193689,86520.9623826,86854.43387793,82970.2305043,86202.17187546,149164.53338374,193624.91478849,367632.35530059,463083.28769737,453799.75435528,463615.22753621,557558.06695991,512688.51341605,547662.6207458,562698.95124246,580277.62114331,700202.70206116,670148.4021404,1.1513289646991172e-05,10.437348694430213,10.437348694430213,1.161057320950266e-05,10.525540904936632,10.525540904936632,1.1557892705561343e-05,10.477783504064021,10.477783504064021,1.1513516988729153e-05,10.437554790608184,10.437554790608184,1.2052515630267825e-05,10.926182883885895,10.926182883885895,1.1600635787283215e-05,10.516532155568875,10.516532155568875,6.704006490788293e-06,6.077503088994815,6.077503088994815,5.164624609866813e-06,4.681979658446516,4.681979658446516,2.7201087868948928e-06,2.4659089422826304,2.4659089422826304,2.1594387587865423e-06,1.9576346987511866,1.9576346987511866,2.203615119670381e-06,1.9976826864882198,1.9976826864882198,2.1569610759212963e-06,1.9553885605220884,1.9553885605220884,1.7935351656779146e-06,1.625925560275919,1.625925560275919,1.9505020569643496e-06,1.7682235678888336,1.7682235678888336,1.8259416694135757e-06,1.6553036085859294,1.6553036085859294,1.77714921592081e-06,1.6110709117307909,1.6110709117307909,1.7233130549300161e-06,1.5622658523725177,1.5622658523725177,1.4281578706513673e-06,1.2946935362282657,1.2946935362282657,1.4922067959963503e-06,1.3527569557917456,1.3527569557917456
8JCJJXRTPn1G9wEVXNEGqWLr9xzqppEaLPu2bZ55cfBQ,58004.45117704,670599641218.035,11561175.52377566,58004.45117704,57725.8378392,53609.78534318,55676.08904354,57291.862864,54753.44331885,57825.22760981,58156.63851691,57448.03708368,56483.12658573,51659.0458745,51609.55110869,41802.92506886,47239.09267941,47328.71604573,49622.02135811,54080.21548246,57420.05871812,55958.29814449,1.7240056232026408e-05,11561175.523775658,11561175.523775658,1.7323265238446275e-05,11616975.45362693,11616975.45362693,1.8653311025189835e-05,12508903.68102072,12508903.68102072,1.796103169563467e-05,12044661.410998365,12044661.410998365,1.7454485681043573e-05,11704971.83535315,11704971.83535315,1.8263691548614066e-05,12247624.999817451,12247624.999817451,1.7293490079239237e-05,11597008.24254548,11597008.24254548,1.7194941549264982e-05,11530921.63370218,11530921.63370218,1.7407035135828564e-05,11673151.516756365,11673151.516756365,1.770440236664664e-05,11872565.875052966,11872565.875052966,1.935769395411194e-05,12981262.620435992,12981262.620435992,1.937625843507134e-05,12993711.954706766,12993711.954706766,2.3921770984990806e-05,16041931.039834835,16041931.039834835,2.116890785321683e-05,14195862.01134485,14195862.01134485,2.1128821644639145e-05,14168980.214254864,14168980.214254864,2.0152343105558806e-05,13514154.056290478,13514154.056290478,1.849105058252464e-05,12400091.88638556,12400091.88638556,1.7415516847676625e-05,11678839.349678589,11678839.349678589,1.7870450552622216e-05,11983917.728993094,11983917.728993094
8LhtJt8gmbdLAwJK7YMiv1M92UxbQxbYjSHb3vFrhtzn,63101.18745422,9578806.56990753,151.80073396965733,63101.18745422,62286.65767689,51584.72774316,52952.59132505,54658.11678344,60812.58673415,65289.16959048,64641.04056064,65730.78030188,61294.7323221,48438.74591352,48881.90129578,52115.83016855,47807.30067885,36859.26374197,28462.04246157,31883.95226199,38466.82236868,39625.1540248,1.5847562309750533e-05,151.80073396965736,151.80073396965736,1.6054802702489953e-05,153.78584960517992,153.78584960517992,1.9385582589075453e-05,185.69074586572097,185.69074586572097,1.888481705949932e-05,180.89400972103388,180.89400972103388,1.829554435550868e-05,175.24948047258115,175.24948047258115,1.6443964213718253e-05,157.5135524456887,157.5135524456887,1.5316476013899444e-05,146.7135610697711,146.7135610697711,1.5470047996240038e-05,148.1845973831689,148.1845973831689,1.5213572627729759e-05,145.72786943826316,145.72786943826316,1.631461566297512e-05,156.27454769802236,156.27454769802236,2.0644630267376196e-05,197.75092003845495,197.75092003845495,2.0457469400567905e-05,195.9581422978421,195.9581422978421,1.9188027836568235e-05,183.79840710448838,183.79840710448838,2.0917307310814162e-05,200.3628406936015,200.3628406936015,2.713022178089099e-05,259.87514663784697,259.87514663784697,3.5134512969342214e-05,336.5467036612365,336.5467036612365,3.136374034758971e-05,300.42720209836614,300.42720209836614,2.5996428569421118e-05,249.0147607749028,249.0147607749028,2.523649496413654e-05,241.73550376390938,241.73550376390938
8Q9Vd6UL31TqmUDTpqhA88ZpdBBJNvTQggvYDBsvUiGA,42209.4399752,908507.6538013,21.523802598070247,42209.4399752,38311.84826319,48276.16174744,50550.05404143,50641.11276505,50368.26515212,46185.12688243,43833.81429692,54840.67200815,51569.02010697,49719.08078164,31843.69540932,47754.40289162,41018.6661617,43085.11836028,49943.7587827,62145.97281462,72481.67128521,61502.59707499,2.3691382794643714e-05,21.523802598070247,21.523802598070247,2.610158594099464e-05,23.71349060374604,23.71349060374604,2.0714157128554825e-05,18.818970293334818,18.818970293334818,1.978237252091593e-05,17.97243684560064,17.97243684560064,1.97468014701713e-05,17.94012027374539,17.94012027374539,1.9853770960342673e-05,18.037302874289303,18.037302874289303,2.16519920481246e-05,19.671000495766084,19.671000495766084,2.2813437891264356e-05,20.726182933734258,20.726182933734258,1.823464161510252e-05,16.56631147164434,16.56631147164434,1.9391487329518625e-05,17.617314657458603,17.617314657458603,2.0113002579268818e-05,18.272816784191008,18.272816784191008,3.140339044027284e-05,28.530220570298454,28.530220570298454,2.0940477515121045e-05,19.024584096741496,19.024584096741496,2.4379144754680524e-05,22.148639602757072,22.148639602757072,2.3209870091059004e-05,21.08634462146098,21.08634462146098,2.0022521820011466e-05,18.190614321883952,18.190614321883952,1.6091147257167844e-05,14.618930441580781,14.618930441580781,1.3796591362595299e-05,12.534308849286736,12.534308849286736,1.6259475982464643e-05,14.77185837686754,14.77185837686754
8RDfjHisSWWHHYQevsi6X7zd4Jjc6sdaa3727BXRZYya,62294.61803473,1846176351888.67,29636209.517480373,62294.61803473,65538.63429328,54052.32211937,58680.40541132,57836.5794182,69764.40292253,72984.39703285,79611.06006662,80171.26173875,85437.50952686,87250.94810368,81131.5655279,79857.48038588,79231.80955487,83125.22092003,85896.12063352,89710.4714219,75776.41034677,54727.24434369,1.605275112919848e-05,29636209.517480377,29636209.517480377,1.5258175742953114e-05,28169283.229601376,28169283.229601376,1.8500592773638554e-05,34155356.87461392,34155356.87461392,1.7041463721842157e-05,31461547.32483367,31461547.32483367,1.7290095819278695e-05,31920566.023441486,31920566.023441486,1.433395769344506e-05,26463013.722610936,26463013.722610936,1.3701558698222907e-05,25295493.65267364,25295493.65267364,1.2561068765610978e-05,23189948.109518394,23189948.109518394,1.247329751724064e-05,23027906.90640133,23027906.90640133,1.1704461021135198e-05,21608499.148822516,21608499.148822516,1.1461193508312407e-05,21159384.419466306,21159384.419466306,1.2325658866475516e-05,22755339.920734007,22755339.920734007,1.2522308432070379e-05,23118389.69834442,23118389.69834442,1.2621193503191104e-05,23300948.978202336,23300948.978202336,1.2030043215909677e-05,22209581.29741117,22209581.29741117,1.164196930693237e-05,21493128.42387227,21493128.42387227,1.1146970739871526e-05,20579273.77514576,20579273.77514576,1.3196719076870673e-05,24363470.682236716,24363470.682236716,1.8272434725928223e-05,33734136.88243801,33734136.88243801
8TuYkkDA7aV52Cjzyyu5QHgj7ufyek9hsSZiGoZb6HjH,73300.59689127,102042438582007.0,1392109244.804255,73300.59689127,70705.3748435,71856.46760561,71655.16223656,71573.3740994,69900.15457095,69747.92296854,70096.77833513,68545.47884788,70241.06156782,66556.53069714,62862.41111167,73653.31270991,71865.6350588,67174.49148994,59689.64971655,61407.7059548,53145.71637021,61047.64806567,1.3642453709938324e-05,1392109244.804255,1392109244.804255,1.4143196358316608e-05,1443206245.7467875,1443206245.7467875,1.3916631770553771e-05,1420087042.7151406,1420087042.7151406,1.3955728642391916e-05,1424076582.858433,1424076582.858433,1.397167609579528e-05,1425703899.8928852,1425703899.8928852,1.430612000986322e-05,1459831372.453289,1459831372.453289,1.4337344503449268e-05,1463017595.9222975,1463017595.9222975,1.426599087363243e-05,1455736497.5341096,1455736497.5341096,1.4588854244045131e-05,1488682263.1798275,1488682263.1798275,1.4236686884842535e-05,1452746247.0578089,1452746247.0578089,1.5024821599407239e-05,1533169435.2631254,1533169435.2631254,1.590775762997033e-05,1623266380.9337006,1623266380.9337006,1.3577121832097185e-05,1385442620.6722033,1385442620.6722033,1.3914856512181468e-05,1419905891.0217175,1419905891.0217175,1.4886603200409178e-05,1519065292.7724624,1519065292.7724624,1.6753323310636425e-05,1709549964.9701235,1709549964.9701235,1.6284601166115273e-05,1661720414.3257973,1661720414.3257973,1.8816191939799203e-05,1920050110.3642154,1920050110.3642154,1.638064743991911e-05,1671521210.321456,1671521210.321456
8ZqBgH8CpLKdidhbhHZ6RrgwHbq9oPMVQGAtXfENCfDf,60251.56454603,1.73164530212393e+18,28740254550585.426,60251.56454603,51802.55607642,54836.14234782,55909.87801139,51167.06493985,53239.06712964,55751.67765874,53425.98170837,54514.18741751,48157.12890592,35286.43131351,36246.41202672,31506.93461433,14946.98409927,14681.85606602,24027.32552801,22243.88313303,17931.66410706,18735.70456564,1.6597079387640407e-05,28740254550585.426,28740254550585.426,1.9304066743825985e-05,33427796488833.06,33427796488833.06,1.8236147861333918e-05,31578539772916.234,31578539772916.234,1.788592705919121e-05,30972081566179.74,30972081566179.74,1.9543821815372074e-05,33842967232136.23,33842967232136.23,1.878319914143022e-05,32525838552115.88,32525838552115.88,1.793667997079965e-05,31059967607135.605,31059967607135.605,1.8717484789677427e-05,32412044603621.035,32412044603621.035,1.8343848590115813e-05,31765039233946.727,31765039233946.727,2.076535754350316e-05,35958233837130.96,35958233837130.96,2.833950509518182e-05,49073970862588.78,49073970862588.78,2.7588937610233632e-05,47774254203351.27,47774254203351.27,3.17390445068934e-05,54960767314264.28,54960767314264.28,6.690312864177325e-05,115852488409919.61,115852488409919.61,6.811127935754808e-05,117944576921148.75,117944576921148.75,4.161928046607784e-05,72069831496861.95,72069831496861.95,4.495617936937896e-05,77848156806425.83,77848156806425.83,5.576727257601725e-05,96569135568524.95,96569135568524.95,5.337402692791877e-05,92424882985166.69,92424882985166.69
8koxq9EzhMoKQRL8g7tQPY13MmPexxVUcWuvPyKwjJGL,148798822.162314,56812596260.2982,381.8081046254882,148798822.162314,158849202.144264,158800590.705441,163848406.289978,166342622.141811,165840784.920727,175797753.117793,181283296.933003,202828128.909441,210764062.330313,217349797.703847,235327132.38038,280380364.690053,326554793.44788,422569702.580127,475212875.686311,566260046.133211,574614144.200224,575393546.308803,6.7204833040222015e-09,381.8081046254882,381.8081046254882,6.295278707738285e-09,357.651127568787,357.651127568787,6.297205794749836e-09,357.76061038513274,357.76061038513274,6.103202482361687e-09,346.7387785252643,346.7387785252643,6.01168832812721e-09,341.5396218286383,341.5396218286383,6.029879805971773e-09,342.5731269147996,342.5731269147996,5.688354841088052e-09,323.1702069720482,323.1702069720482,5.5162280084169625e-09,313.3912347219417,313.3912347219417,4.930282625870308e-09,280.10215627273266,280.10215627273266,4.744641894559724e-09,269.55542435531794,269.55542435531794,4.600878448309227e-09,261.3878497264994,261.3878497264994,4.249403755040077e-09,241.41965988208702,241.41965988208702,3.5665835626736984e-09,202.62687197479679,202.62687197479679,3.0622732235581334e-09,173.97569228873013,173.97569228873013,2.366473492761544e-09,134.44550310495933,134.44550310495933,2.1043200871941486e-09,119.55188751619667,119.55188751619667,1.7659730839720112e-09,100.32951582625557,100.32951582625557,1.740298268139307e-09,98.87086288029464,98.87086288029464,1.7379409387107006e-09,98.7369368752147,98.7369368752147
8mVSSzKHc99ChhvRUVCk7t4HJ6sDqBg24S4GiNREishA,56460.17676222,109366726765955.0,1937059588.5051694,56460.17676222,93232.60245384,107844.33019375,116035.7891679,112989.67773039,108987.08898225,123148.71383787,116546.29680932,101136.45417426,45534.90533123,9921.53304467,29232.21498207,74976.9110129,89870.4140228,110083.05526363,117841.11032686,133242.17654685,215160.67598151,155562.10525899,1.771159881789715e-05,1937059588.5051694,1937059588.5051694,1.0725861701598491e-05,1173052386.0481434,1173052386.0481434,9.27262470083897e-06,1014116612.0599008,1014116612.0599008,8.618030757329815e-06,942525815.0974861,942525815.0974861,8.850365981095612e-06,967935558.033187,967935558.033187,9.175398749872688e-06,1003483328.0460113,1003483328.0460113,8.12026345087565e-06,888086634.099488,888086634.099488,8.580281204782405e-06,938397270.0984964,938397270.0984964,9.887631597969426e-06,1081377903.3375452,1081377903.3375452,2.1961174460027976e-05,2401821766.6293488,2401821766.6293488,0.00010079087531107052,11023168120.64729,11023168120.64729,3.42088343498214e-05,3741308239.3187327,3741308239.3187327,1.3337439306187833e-05,1458672080.3573532,1458672080.3573532,1.1127132448130275e-05,1216938054.1432557,1216938054.1432557,9.084050198326817e-06,993492835.9686283,993492835.9686283,8.486002866285502e-06,928086356.8121574,928086356.8121574,7.505131077233526e-06,820811619.8664765,820811619.8664765,4.647689432273097e-06,508302580.2324283,508302580.2324283,6.428300763448364e-06,703042213.1654371,703042213.1654371
8owfv4xmwzU3ttDSdfRbgxG3M9i7RZmirjZVJtb5Z7DS,69447.7684739,2430910.3791453,35.003433984475535,69447.7684739,70231.13793047,69644.11271609,68075.68432018,69533.96583647,66593.69150986,65454.15087964,65859.11538657,193592.9571426,77934.18836877,81981.41129444,90503.35005306,99818.20403345,81488.64508181,89803.08042132,96814.34662836,97654.78443899,104640.29872684,107038.50665069,1.4399310762243167e-05,35.003433984475535,35.003433984475535,1.4238698524150596e-05,34.61300002787855,34.61300002787855,1.4358715489370693e-05,34.904750514305604,34.904750514305604,1.4689532833731138e-05,35.70893783031269,35.70893783031269,1.4381460743254603e-05,34.96004218804829,34.96004218804829,1.5016437403112545e-05,36.50361354101198,36.50361354101198,1.5277869876256502e-05,37.13913245342325,37.13913245342325,1.5183926995228365e-05,36.91076572888514,36.91076572888514,5.165477167970542e-06,12.556812060857661,12.556812060857661,1.283133911997886e-05,31.19183544508973,31.19183544508973,1.2197887108925877e-05,29.65197037673057,29.65197037673057,1.1049314742644591e-05,26.859893890337915,26.859893890337915,1.0018212706621035e-05,24.353377249010403,24.353377249010403,1.2271648387282136e-05,29.83127743386583,29.83127743386583,1.1135475479331014e-05,27.069342919423747,27.069342919423747,1.0329047654875855e-05,25.108989150924135,25.108989150924135,1.0240153677516454e-05,24.89289585871766,24.89289585871766,9.556547641463319e-06,23.23111085042972,23.23111085042972,9.342432282462657e-06,22.71061560190059,22.71061560190059
8qciHTkWZiaskXfxN16oQH2HEy5WLJEVgMrvVWSabcGh,44796.68194759,333967.93672216,7.455193603688924,44796.68194759,37379.91145241,35122.5140808,37756.64201578,33267.19161139,41183.41895317,38991.69588184,42434.83036302,47335.60297334,44005.20347434,31877.99211933,36619.5366349,44629.5991213,34601.40181097,32169.26020872,28172.62769724,36868.61337546,3630.65742819,26003.19689362,2.2323081900796867e-05,7.455193603688924,7.455193603688924,2.6752337315542967e-05,8.934422895767135,8.934422895767135,2.8471765936216333e-05,9.508656924554447,9.508656924554447,2.6485406185805935e-05,8.845276457121942,8.845276457121942,3.0059645902229408e-05,10.038957920566288,10.038957920566288,2.4281616859860714e-05,8.109281482965697,8.109281482965697,2.5646486447534592e-05,8.565104163055967,8.565104163055967,2.3565547250813424e-05,7.87013719308273,7.87013719308273,2.112574758080535e-05,7.055322331274726,7.055322331274726,2.2724585300079634e-05,7.589282865534323,7.589282865534323,3.136960434197565e-05,10.47644203788012,10.47644203788012,2.7307827785208968e-05,9.119938901790311,9.119938901790311,2.240665432109468e-05,7.483104112462661,7.483104112462661,2.8900563204435286e-05,9.65186146349363,9.65186146349363,3.1085576525907606e-05,10.381585854176175,10.381585854176175,3.5495446528687396e-05,11.854341040217488,11.854341040217488,2.71233417383038e-05,9.058326477351365,9.058326477351365,0.0002754322102205419,91.98552695417862,91.98552695417862,3.845680991037508e-05,12.84334145868428,12.84334145868428
8vFhNw7f2ibdqVU4KJxcY8BGEgRuRF6UN21MHouosNSb,57050.55754838,177774512919305.0,3116087213.8462224,57050.55754838,52300.98249256,51921.33090229,51562.59354531,51501.88192336,49287.64669134,46977.19011672,51130.48069322,47370.10866656,41154.60554542,36299.8532625,40299.14964295,43282.60439855,43952.05867208,41620.11467699,177774512919305.0,37281.01195594,39676.16175649,41936.91218735,1.7528312482344808e-05,3116087213.8462224,3116087213.8462224,1.9120099706391818e-05,3399066412.2723517,3399066412.2723517,1.9259906913439593e-05,3423920570.407879,3423920570.407879,1.9393904209284238e-05,3447741874.4091644,3447741874.4091644,1.9416766196779002e-05,3451806153.1004133,3451806153.1004133,2.028905957434773e-05,3606877683.420429,3606877683.420429,2.1286926644939596e-05,3784273015.853112,3784273015.853112,1.9557805568070904e-05,3476879358.6342764,3476879358.6342764,2.1110359003797904e-05,3752883789.451837,3752883789.451837,2.429861705019519e-05,4319674810.711169,4319674810.711169,2.754832072649346e-05,4897389298.897169,4897389298.897169,2.4814419382542525e-05,4411371319.106858,4411371319.106858,2.310397014911378e-05,4107297039.7608647,4107297039.7608647,2.2752062820557656e-05,4044736885.834066,4044736885.834066,2.402684393738246e-05,4271360477.956323,4271360477.956323,5.6251033040597764e-15,1.0,1.0,2.6823306223066985e-05,4768500198.691096,4768500198.691096,2.5204050889232645e-05,4480637870.426709,4480637870.426709,2.3845341677340842e-05,4239094002.0836716,4239094002.0836716
8vTYBuDqYdrbbmiGmgtRErGnMht6hFiGK9uNcFs5u9RD,51952.73868467,1001103433.17864,19269.502600332435,51952.73868467,54153.42483469,45380.02132309,42528.8597882,38540.27002173,35750.37109387,41375.26653977,45646.24400364,38941.1241884,41799.26518965,28308.70571706,31871.25427042,20836.76892392,20535.55639836,22973.83288756,10877.75879615,15444.89683597,13951.23547444,15862.27432447,1.9248263427834958e-05,19269.502600332435,19269.502600332435,1.8466052757561007e-05,18486.428812852217,18486.428812852217,2.2036128914095196e-05,22060.4443098678,22060.4443098678,2.3513444869675498e-05,23539.390384888822,23539.390384888822,2.5946886190371115e-05,25975.516845475966,25975.516845475966,2.797173761845137e-05,28002.602561803782,28002.602561803782,2.416902859196805e-05,24195.697500011924,24195.697500011924,2.190760755518584e-05,21931.78113622686,21931.78113622686,2.5679792785691732e-05,25708.128721072066,25708.128721072066,2.3923865538373434e-05,23950.263925369796,23950.263925369796,3.532482233539058e-05,35363.800916385015,35363.800916385015,3.137623613790779e-05,31410.857717883202,31410.857717883202,4.7992085704421726e-05,48045.04176410012,48045.04176410012,4.869602656979197e-05,48749.75938117701,48749.75938117701,4.352778245120281e-05,43575.81245055209,43575.81245055209,9.193070178702007e-05,92032.14117350752,92032.14117350752,6.474630492002222e-05,64817.74814106532,64817.74814106532,7.167823966788431e-05,71757.33181572036,71757.33181572036,6.304266207635472e-05,63112.22544135956,63112.22544135956
8vsYy2t455DLSzVZ5fZCqA5LZ27VLHhTPXhZznDssomB,59509.95309659,297722654957.943,5002905.219480049,59509.95309659,54081.78027462,51762.73919958,53744.5860299,55111.76168994,57124.25197524,55388.82782376,54767.74781105,52854.27717188,49813.96103651,49545.57437385,43867.18938958,41668.04159787,47956.00764529,47858.70246151,51702.0646682,52774.54923017,54256.6078543,61222.26757525,1.680391174862649e-05,5002905.219480049,5002905.219480049,1.8490515565910267e-05,5505045.385823976,5505045.385823976,1.931891579663763e-05,5751678.9018839,5751678.9018839,1.8606525305519425e-05,5539584.113501394,5539584.113501394,1.8144947091802696e-05,5402161.822242905,5402161.822242905,1.750569968834675e-05,5211843.38811103,5211843.38811103,1.8054182391833045e-05,5375139.11479148,5375139.11479148,1.8258921353677407e-05,5436094.542085116,5436094.542085116,1.8919944676341706e-05,5632896.160697852,5632896.160697852,2.007469350343517e-05,5976691.047309689,5976691.047309689,2.018343742378324e-05,6009066.575986251,6009066.575986251,2.2796080941477757e-05,6786909.740532923,6786909.740532923,2.3999208065759404e-05,7145107.942225969,7145107.942225969,2.085244475304472e-05,6208245.214240301,6208245.214240301,2.0894841451337766e-05,6220867.671817559,6220867.671817559,1.9341587350863814e-05,5758428.737200142,5758428.737200142,1.8948527549493933e-05,5641405.92957906,5641405.92957906,1.8430934766238747e-05,5487306.831961254,5487306.831961254,1.6333926193943603e-05,4862979.872347979,4862979.872347979
97Ntc6GmKhBUGxMACSwnMVgfL6zFYexiTH9EjGDUYHSA,71996.68055336,6715294.44704012,93.27227860266574,71996.68055336,70250.83876475,67630.26346109,74976.24944571,85398.757223,81835.86806559,69294.84051106,69751.02494807,66014.96927839,61150.98671676,61653.89567003,47673.82694707,50220.00911353,63055.16649146,59842.51750588,54691.65719188,61165.60663682,57612.14115124,54797.07989021,1.3889529243766381e-05,93.27227860266574,93.27227860266574,1.4234705486559589e-05,95.59023870914514,95.59023870914514,1.4786279822424973e-05,99.29422278391179,99.29422278391179,1.3337556991619007e-05,89.56562240290025,89.56562240290025,1.1709772279106134e-05,78.63456876198575,78.63456876198575,1.2219580773537072e-05,82.05808291369172,82.05808291369172,1.4431088846223582e-05,96.90901079378783,96.90901079378783,1.4336706890608492e-05,96.27520817134503,96.27520817134503,1.5148079457295908e-05,101.72381386290172,101.72381386290172,1.635296589132427e-05,109.81498104264637,109.81498104264637,1.6219575245528253e-05,108.91922357964526,108.91922357964526,2.0975870074585217e-05,140.85914383369715,140.85914383369715,1.9912381890241142e-05,133.7175075348786,133.7175075348786,1.5859128690674967e-05,106.49871883138425,106.49871883138425,1.671052692430164e-05,112.21610866187723,112.21610866187723,1.8284324362152785e-05,122.78462185704498,122.78462185704498,1.634905717420005e-05,109.78873285624702,109.78873285624702,1.7357452440013623e-05,116.56040398518647,116.56040398518647,1.8249147618879947e-05,122.54839966827994,122.54839966827994
97aR8y2S9iPTWMrbnKUZendRAuM9MyqUPaV6219vPE38,62061.7661826,1119611546.12357,18040.278499799944,62061.7661826,74199.09400117,64657.66248997,62564.47885471,48262.49698668,864366.51611235,42145.38195981,57102.44773748,44651.57814949,46440.61085728,32737.54728451,40146.53542479,32047.66926984,35022.29684043,32717.51222686,17102.03893679,11799.26262058,12593.6480897,13451.30128549,1.611298004407045e-05,18040.278499799944,18040.278499799944,1.347725350910931e-05,15089.288638833184,15089.288638833184,1.5466071019117413e-05,17315.991686170986,17315.991686170986,1.598351042485696e-05,17895.322819256296,17895.322819256296,2.0720022013697107e-05,23198.375882469823,23198.375882469823,1.1569166335800314e-06,1295.2972208586145,1295.2972208586145,2.3727392029655915e-05,26565.46207580313,26565.46207580313,1.7512384138020686e-05,19607.067481079222,19607.067481079222,2.2395625002370084e-05,25074.40033530725,25074.40033530725,2.153287783128375e-05,24108.458641173544,24108.458641173544,3.054596580829245e-05,34199.61600646001,34199.61600646001,2.4908749644745486e-05,27888.123701758417,27888.123701758417,3.1203517222423974e-05,34935.81816189155,34935.81816189155,2.8553238656968742e-05,31968.53567956406,31968.53567956406,3.056467108703433e-05,34220.55865251288,34220.55865251288,5.847256012549443e-05,65466.55344790822,65466.55344790822,8.475105878699768e-05,94888.26396412004,94888.26396412004,7.940510905794426e-05,88902.87692247567,88902.87692247567,7.434224977762605e-05,83234.44121583253,83234.44121583253
98Zmtjsu4RGNd9MoGVUJBKJDfWdPQWm7WwVwDaXkRsXQ,44796.77048224,541554.55536105,12.08914280050061,44796.77048224,48278.56743871,48506.59094893,48187.05032518,51022.79902946,56864.91327453,58958.19887309,59432.50444894,63289.48942846,540909.48541454,57058.41312622,57172.92127853,58095.20585764,58129.41639726,56458.19361442,56719.45182539,56590.79101866,56355.23869642,54566.94384141,2.2323037782298553e-05,12.089142800500612,12.089142800500612,2.071312495486755e-05,11.217287175071164,11.217287175071164,2.0615755105380352e-05,11.164556089526553,11.164556089526553,2.0752463436788806e-05,11.238591109156609,11.238591109156609,1.959908156788127e-05,10.613971903978891,10.613971903978891,1.7585536360044068e-05,9.523527324249242,9.523527324249242,1.696116942365458e-05,9.185398565630692,9.185398565630692,1.682580953422762e-05,9.112093800898354,9.112093800898354,1.580041186981547e-05,8.556785024679373,8.556785024679373,1.8487381474436966e-06,1.0011925654178824,1.0011925654178824,1.7525899253242128e-05,9.491230577392098,9.491230577392098,1.749079769998612e-05,9.472221171326058,9.472221171326058,1.7213124305824138e-05,9.321845879815072,9.321845879815072,1.7202993974099767e-05,9.316359752522422,9.316359752522422,1.7712220954667414e-05,9.592133943561583,9.592133943561583,1.763063583686396e-05,9.547951151365455,9.547951151365455,1.767071959941794e-05,9.569658695572574,9.569658695572574,1.774457926417275e-05,9.609657733477981,9.609657733477981,1.8326113386638224e-05,9.92459018659705,9.92459018659705
9AM1DMTJMGKUW31k76eRKoo7emnz3S9fEGErzQhPZ4vT,69127.55071545,1001518868.92155,14487.984292168921,69127.55071545,69293.21723602,67070.17156536,68318.88102034,65227.99019878,67488.64230841,66309.71925527,69937.23036998,71985.10534968,76339.97193234,70004.59506463,63470.93689518,62626.40237874,66304.20890478,64139.04913207,59666.83867449,58380.56193683,56289.36985741,61689.68327037,1.446601231564393e-05,14487.984292168921,14487.984292168921,1.4431426911437733e-05,14453.346357267135,14453.346357267135,1.4909757596571798e-05,14932.403564013075,14932.403564013075,1.4637242078105443e-05,14659.474130195082,14659.474130195082,1.5330841820398502e-05,15354.127359580705,15354.127359580705,1.4817308006141153e-05,14839.813554772716,14839.813554772716,1.5080745496000943e-05,15103.651171648624,15103.651171648624,1.4298535911557088e-05,14320.253513376818,14320.253513376818,1.3891762679825617e-05,13912.862446425554,13912.862446425554,1.3099297454370279e-05,13119.193570167861,13119.193570167861,1.4284776578977064e-05,14306.473282174158,14306.473282174158,1.575524246083628e-05,15779.17260896153,15779.17260896153,1.5967706303044376e-05,15991.95915589651,15991.95915589651,1.5081998813018159e-05,15104.906392290108,15104.906392290108,1.5591126053971894e-05,15614.806930787241,15614.806930787241,1.6759728221155794e-05,16785.18405148453,16785.18405148453,1.712898894467714e-05,17155.005633642784,17155.005633642784,1.7765343661390425e-05,17792.326889758366,17792.326889758366,1.6210165897874e-05,16234.78701506945,16234.78701506945
9DwBhGt7c5w8ZZpN9CLfAaRN6WhURs2KXdDzSe99HsBj,49585.78348923,36576643.3215471,737.6437508442621,49585.78348923,44087.17458499,43517.73092851,34128.38572646,33835.10301162,30724.19951817,35195.37607485,36875.87666269,42035.55677023,43647.28491259,43900.62762148,52039.23611985,57492.32967977,51475.72863922,50058.74641272,54703.15566035,4513.29904653,5840.7349516,6770.03541364,2.0167070672931878e-05,737.6437508442621,737.6437508442621,2.2682333567832258e-05,829.6436246109554,829.6436246109554,2.2979139276419965e-05,840.4997811497669,840.4997811497669,2.930112218066887e-05,1071.7366949233976,1071.7366949233976,2.9555104344046764e-05,1081.0265099233056,1081.0265099233056,3.254763397199688e-05,1190.4831987539992,1190.4831987539992,2.8412823260456153e-05,1039.2457021558616,1039.2457021558616,2.711799936709769e-05,991.8853904442722,991.8853904442722,2.378938396049056e-05,870.1358119621967,870.1358119621967,2.2910932535726898e-05,838.0050075233114,838.0050075233114,2.2778717621583913e-05,833.1690297669144,833.1690297669144,1.9216269771849266e-05,702.8666454155579,702.8666454155579,1.739362460296809e-05,636.20040317165,636.20040317165,1.9426631277212995e-05,710.5609631658307,710.5609631658307,1.9976529011639385e-05,730.6743764612715,730.6743764612715,1.82804810422449e-05,668.6386348284954,668.6386348284954,0.00022156741436595896,8104.192286941111,8104.192286941111,0.0001712113301299628,6262.335754771299,6262.335754771299,0.00014770971478010876,5402.725552639492,5402.725552639492
9E56hNzqWX6LWDpcXyyrGeLMGTEdg8svSeUb8QpTtqPB,58972.85094804,2908067367.83896,49311.968492098335,58972.85094804,59613.11688495,63766.61634888,69540.81853506,67472.26864792,70672.36108762,72329.10122254,73311.12850131,78085.88768172,89921.20765378,75662.68988081,78347.31715245,75567.87306503,68793.89867248,83012.44134116,74882.32942485,76965.25904589,78612.39879146,77856.48140197,1.6956955343418674e-05,49311.968492098335,49311.968492098335,1.6774831652066514e-05,48782.340528366745,48782.340528366745,1.5682186969570387e-05,45604.85618255699,45604.85618255699,1.4380043563850714e-05,41818.13543613693,41818.13543613693,1.4820903758522538e-05,43100.18658204119,43100.18658204119,1.4149803184871584e-05,41148.58090326884,41148.58090326884,1.3825693712455102e-05,40206.04872292697,40206.04872292697,1.3640493884664876e-05,39667.47514720082,39667.47514720082,1.280641137200136e-05,37241.90701003892,37241.90701003892,1.112084708481963e-05,32340.172510090997,32340.172510090997,1.3216553648506035e-05,38434.62838051335,38434.62838051335,1.2763678915184511e-05,37117.63814682225,37117.63814682225,1.3233136774134812e-05,38482.853227011175,38482.853227011175,1.4536172819058959e-05,42272.16982837302,42272.16982837302,1.2046387069743614e-05,35031.7051378786,35031.7051378786,1.3354285419280053e-05,38835.16164861595,38835.16164861595,1.2992875128293364e-05,37784.15617499637,37784.15617499637,1.2720639687548044e-05,36992.47717339565,36992.47717339565,1.2844145817957516e-05,37351.6413209675,37351.6413209675
9GBQsSBYuUfkKqFUEzoioRMncPxqwsfqZDW2oaeBDqZR,44859.29616776,999977789.174474,22291.428412850346,44859.29616776,37385.41251872,46116.23332394,36667.93480238,45805.93870054,20787.71998346,26141.26599387,23516.19619933,33480.60671552,43561.27385478,54990.26455157,73758.34754362,90293.35012601,63113.95767297,101912.73708781,367459.4714697,418780.70722538,411979.51219852,268613.57614939,2.229192353487462e-05,22291.42841285035,22291.42841285035,2.6748400850178397e-05,26747.806746114013,26747.806746114013,2.1684338202029107e-05,21683.856574976657,21683.856574976657,2.7271784063908973e-05,27271.178335071345,27271.178335071345,2.1831230368131528e-05,21830.745478482804,21830.745478482804,4.810532375824102e-05,48104.255299288154,48104.255299288154,3.82536943786309e-05,38252.84473249933,38252.84473249933,4.2523884029700815e-05,42522.93953913194,42522.93953913194,2.986803699517333e-05,29867.373601414823,29867.373601414823,2.2956169815733464e-05,22955.659940250942,22955.659940250942,1.81850370816492e-05,18184.633176963394,18184.633176963394,1.355778746817246e-05,13557.486338520484,13557.486338520484,1.1075012706964993e-05,11074.76672179006,11074.76672179006,1.5844355779138107e-05,15844.003862916325,15844.003862916325,9.812316189078314e-06,9812.098249435432,9812.098249435432,2.721388554771429e-06,2721.3281104850507,2721.3281104850507,2.3878845962734824e-06,2387.8315593853386,2387.8315593853386,2.427305170258397e-06,2427.251257806762,2427.251257806762,3.7228200239732032e-06,3722.737337067186,3722.737337067186
9GxCCUE7cehvzVDNsuaz6BgtDLNt2yibcv1YHN3Ka9qP,48852.82589715,1036137.26865134,21.209361989267986,48852.82589715,45729.29220377,44933.22609987,43573.34969782,39800.7733654,40946.54439452,42466.60319705,43649.02816741,43445.07412037,39985.99764517,31798.95525019,32832.63357716,26910.66931636,23819.10406032,9577.66769861,8269.14422084,10895.61991321,14995.94448423,12068.38710796,2.046964493119196e-05,21.209361989267986,21.209361989267986,2.1867821516764225e-05,22.658064857735088,22.658064857735088,2.2255245990514203e-05,23.05948979377507,23.05948979377507,2.2949807782393892e-05,23.779151151722875,23.779151151722875,2.5125139926786698e-05,26.0330938582235,26.0330938582235,2.442208530138707e-05,25.304632758949236,25.304632758949236,2.3547915884863295e-05,24.398873247373757,24.398873247373757,2.291001751893843e-05,23.737922976827214,23.737922976827214,2.301756920081147e-05,23.849361282722004,23.849361282722004,2.5008754536371868e-05,25.91250261768816,25.91250261768816,3.144757405179294e-05,32.58400348373549,32.58400348373549,3.045750191345142e-05,31.558152842546516,31.558152842546516,3.7159982468071234e-05,38.50284273759901,38.50284273759901,4.198310723474648e-05,43.50026205970653,43.50026205970653,0.00010440955266647321,108.18262872094779,108.18262872094779,0.00012093149826553847,125.30163230676929,125.30163230676929,9.17800004006735e-05,95.09667893197275,95.09667893197275,6.668469605576478e-05,69.09449883206491,69.09449883206491,8.286111400424217e-05,85.85548834176278,85.85548834176278
9LXfjwx85cGoXssEMxbqScLhPSx4s95RemG6mfLLmM4j,46745.41642413,1000132982.38635,21395.316565627618,46745.41642413,45396.42169115,43351.42357501,47324.80388304,44398.96734088,44076.86730555,40697.35135535,40091.73698911,29774.7689481,22440.98827219,19604.69450239,18175.35696616,26269.23494285,19461.3167771,17830.51781022,25799.0581304,21701.63491731,17568.46733869,18822.97339567,2.1392471743685217e-05,21395.316565627618,21395.316565627618,2.2028167920445354e-05,22031.097278782334,22031.097278782334,2.3067293240548893e-05,23070.360784250657,23070.360784250657,2.1130568284475754e-05,21133.378277871157,21133.378277871157,2.252304636552341e-05,22526.04153397697,22526.04153397697,2.2687637782145277e-05,22690.654838358194,22690.654838358194,2.4571623624065202e-05,24574.891217211225,24574.891217211225,2.4942795575847137e-05,24946.112528325055,24946.112528325055,3.358548312307936e-05,33589.94940077179,33589.94940077179,4.45613173480087e-05,44567.24321832854,44567.24321832854,5.100819091458377e-05,51014.97410553499,51014.97410553499,5.501955212554348e-05,55026.86875688105,55026.86875688105,3.806734387870635e-05,38072.406164937354,38072.406164937354,5.138398451931542e-05,51390.817684196976,51390.817684196976,5.60836208260214e-05,56091.078959754,56091.078959754,3.8761104957613256e-05,38766.259501848086,38766.259501848086,4.607947759743964e-05,46085.605356332315,46085.605356332315,5.692016160099287e-05,56927.730979914,56927.730979914,5.312656927146473e-05,53133.634169425044,53133.634169425044
9h1yibUXawu9tynZrWBYgJ2fRdDsSwBTuV3RHpagxVP8,67861.11699145,12260143.3517539,180.6652158893669,67861.11699145,74383.42494903,65736.54957583,69058.91645443,65573.20246849,73346.19549188,87057.11633824,86842.44404089,95037.29312549,82238.42078861,97422.18149356,86146.27948942,101211.39485942,131205.15715179,113103.72614882,111759.65656719,100617.24901415,74759.57785258,40540.24586955,1.473597907511591e-05,180.66521588936692,180.66521588936692,1.3443855276699525e-05,164.82359289256925,164.82359289256925,1.5212237430357614e-05,186.50421159710072,186.50421159710072,1.4480389373903243e-05,177.53164951326767,177.53164951326767,1.525013210206611e-05,186.96880570451455,186.96880570451455,1.3633972332085142e-05,167.15445524521027,167.15445524521027,1.1486711736634311e-05,140.82873253141065,140.82873253141065,1.1515106593835007e-05,141.17685755114374,141.17685755114374,1.0522185208700873e-05,129.00349903237722,129.00349903237722,1.2159766571520785e-05,149.08048129070988,149.08048129070988,1.0264602831400404e-05,125.84550216178792,125.84550216178792,1.160816237133972e-05,142.31773472306045,142.31773472306045,9.880310427387885e-06,121.13402219960432,121.13402219960432,7.621651630988175e-06,93.44254157304394,93.44254157304394,8.841441692948442e-06,108.39734259172158,108.39734259172158,8.947772664269052e-06,109.70097554284351,109.70097554284351,9.938653757661054e-06,121.84931979237209,121.84931979237209,1.3376212503124633e-05,163.99428279183087,163.99428279183087,2.4666845958896993e-05,302.4190674917085,302.4190674917085
9ktjgRd9afNRYGBtPTyEiWEPEES2aHo1YTtytPtF4QMh,64735.79535403,843705818.80102,13033.06484746073,64735.79535403,59988.17043787,57126.23726067,59988.17043787,64074.13251939,59914.70042056,57385.26353965,62973.68968432,69815.30669863,73337.28473499,58044.6352612,59106.08080133,72850.79258736,82730.8837877,66724.0670697,83431.5334616,99617.09878864,83972.57793359,82630.51954883,1.5447404245690588e-05,13033.064847460731,13033.064847460731,1.666995330413859e-05,14064.536601843018,14064.536601843018,1.7505091319719655e-05,14769.1474050907,14769.1474050907,1.666995330413859e-05,14064.536601843018,14064.536601843018,1.560692218029455e-05,13167.651057089213,13167.651057089213,1.6690394727515743e-05,14081.783149690898,14081.783149690898,1.7426076632183735e-05,14702.4822534459,14702.4822534459,1.587964759589103e-05,13397.751077162891,13397.751077162891,1.4323506510064837e-05,12084.825788175995,12084.825788175995,1.3635628911181782e-05,11504.459455375487,11504.459455375487,1.722812100549887e-05,14535.465939347476,14535.465939347476,1.6918733004159838e-05,14274.433482350518,14274.433482350518,1.372668662184885e-05,11581.285375711992,11581.285375711992,1.2087384471392228e-05,10198.196612598715,10198.196612598715,1.498709601972253e-05,12644.700118769506,12644.700118769506,1.1985875825478596e-05,10112.553177382772,10112.553177382772,1.0038437298015717e-05,8469.48796000505,8469.48796000505,1.1908649521166939e-05,10047.396895070528,10047.396895070528,1.210206598554734e-05,10210.583491520192,10210.583491520192
9tS6N1ij7s35HbegszUAxNR2Wx5AcFuN9Shs7YbTH2BQ,53162.39765938,2262543.23215452,42.559089352045355,53162.39765938,55148.95918004,50931.81791277,50204.76202018,48165.23716239,52374.69753428,51969.344864,55674.01893988,52318.03477399,58356.43684483,50796.8833226,42616.44756722,39891.65331901,28266.97065228,25628.07928735,27860.82227925,34323.87509851,32015.82270674,28262.23836225,1.8810287797912354e-05,42.55908935204535,42.55908935204535,1.8132708483860722e-05,41.02603686078993,41.02603686078993,1.963409202696597e-05,44.42298203511088,44.42298203511088,1.9918429243784605e-05,45.066307280673534,45.066307280673534,2.076186185128667e-05,46.97461001855577,46.97461001855577,1.9093189022151116e-05,43.19916560231499,43.19916560231499,1.924211287667619e-05,43.53611226147706,43.53611226147706,1.7961699533131555e-05,40.6391217166798,40.6391217166798,1.9113867795683174e-05,43.2459522214192,43.2459522214192,1.7136070227505563e-05,38.771099718967285,38.771099718967285,1.968624715908684e-05,44.54098527631309,44.54098527631309,2.346511868270284e-05,53.0908454672519,53.0908454672519,2.5067900595723345e-05,56.717208837176116,56.717208837176116,3.537697803918512e-05,80.0419422366374,80.0419422366374,3.9019701351306465e-05,88.28376121308904,88.28376121308904,3.58926951249667e-05,81.20877443877895,81.20877443877895,2.9134239567356136e-05,65.91747655709007,65.91747655709007,3.123455577449456e-05,70.66953277693555,70.66953277693555,3.5382901636542155e-05,80.05534463174754,80.05534463174754
9twqmzAZbHZ8oSpo6pVffkB59NCrm97a6RN4H4B2SucN,46780.08876977,20385835.0313533,435.78016988558886,46780.08876977,48952.43368804,49120.78312403,49856.93494262,48559.25395285,58584.13050289,78367.48414374,86857.59187387,108857.8389604,107243.15407842,93297.41683429,94201.95329347,66092.97919091,71347.15417631,78539.86140004,82953.89899599,91052.04941965,95879.14884793,98273.62760306,2.137661612660759e-05,435.78016988558886,435.78016988558886,2.0427993557434076e-05,416.44170668339905,416.44170668339905,2.0357981620020178e-05,415.01445487705394,415.01445487705394,2.005739023369353e-05,408.88664846355306,408.88664846355306,2.0593397109662737e-05,419.81359621273236,419.81359621273236,1.7069469008346366e-05,347.9753792769468,347.9753792769468,1.2760394325863784e-05,260.1312936620758,260.1312936620758,1.1513098376617983e-05,234.70412420547567,234.70412420547567,9.186292962914478e-06,187.27025289165624,187.27025289165624,9.324604526912408e-06,190.08984961824652,190.08984961824652,1.0718410369026056e-05,218.50374558131182,218.50374558131182,1.0615491134081603e-05,216.4056510361811,216.4056510361811,1.5130200094498592e-05,308.4417631178144,308.4417631178144,1.401597599154191e-05,285.72737436698185,285.72737436698185,1.2732388142455911e-05,259.56036422726504,259.56036422726504,1.205488846339025e-05,245.7489675360377,245.7489675360377,1.0982729179341124e-05,223.89210524407835,223.89210524407835,1.0429796384467901e-05,212.62010850436772,212.62010850436772,1.017566995734736e-05,207.43952908398114,207.43952908398114
9vGQ9obJuhNsZL4QKmd8gwu5CkpiGwaohjEFYaaHpDKR,154129.01956015,18866955.4870188,122.41014405243675,154129.01956015,157340.02629192,128355.97156483,145039.14552031,94305.68840161,117821.37699604,128289.58141764,113987.99352562,108947.76271869,57142.61065798,101319.44103315,77126.40172946,48285.88582422,42821.87188199,26648.55842961,20213.9407421,26585.75990454,22391.44683571,27657.6359675,6.488070856830064e-06,122.41014405243676,122.41014405243676,6.355661833592523e-06,119.91198890493443,119.91198890493443,7.790833475129127e-06,146.98930838203725,146.98930838203725,6.8946903707452465e-06,130.0818163216277,130.0818163216277,1.0603814223182406e-05,200.0616909413993,200.0616909413993,8.487424145735542e-06,160.13185355704104,160.13185355704104,7.794865248991284e-06,147.0653756800283,147.0653756800283,8.772853781089142e-06,165.51704178193341,165.51704178193341,9.17871074215689e-06,173.17432700049534,173.17432700049534,1.7500075486319234e-05,330.1731452198539,330.1731452198539,9.869774149985856e-06,186.21258955471197,186.21258955471197,1.2965728694406724e-05,244.62382613413408,244.62382613413408,2.0709985597870178e-05,390.7343764118171,390.7343764118171,2.335255223675963e-05,440.5915635592253,440.5915635592253,3.752548201214782e-05,707.9915987521176,707.9915987521176,4.947080892135391e-05,933.3635498259969,933.3635498259969,3.7614121378912776e-05,709.6639537392696,709.6639537392696,4.4659909979787215e-05,842.5965336429122,842.5965336429122,3.615638014670098e-05,682.1608147995377,682.1608147995377
9xgFDcgQX8GSi5mxaqcGPMeJiXa2z6EG47bKJ4NcaFjp,57126.93712568,1124483931.0636,19683.9527487658,57126.93712568,65735.16841838,67545.10486231,65108.03247875,66880.26527407,65050.40784949,66679.26008031,68113.91112807,74929.38048168,73947.43496546,64239.51737823,64436.23763827,49825.68009898,50613.31282059,48111.24537836,39484.76366376,42042.36779209,57696.82676897,54140.60485508,1.7504876863956262e-05,19683.9527487658,19683.9527487658,1.5212557053712412e-05,17106.27595728783,17106.27595728783,1.4804921867224717e-05,16647.896740346303,16647.896740346303,1.5359087994655355e-05,17271.0476457818,17271.0476457818,1.495209380378621e-05,16813.389218113214,16813.389218113214,1.5372693777935168e-05,17286.34713044948,17286.34713044948,1.4997167017084134e-05,16864.07332218813,16864.07332218813,1.4681288791650318e-05,16508.87333351492,16508.87333351492,1.3345899746822235e-05,15007.249810887371,15007.249810887371,1.3523119503294315e-05,15206.530579307231,15206.530579307231,1.5566742105364694e-05,17504.551356493754,17504.551356493754,1.551921770500889e-05,17451.11093196022,17451.11093196022,2.0069971910337682e-05,22568.360910072548,22568.360910072548,1.9757647628099736e-05,22217.157273415003,22217.157273415003,2.0785161392845403e-05,23372.579990818173,23372.579990818173,2.532622478168262e-05,28478.93280150684,28478.93280150684,2.3785529990728628e-05,26746.44626640568,26746.44626640568,1.73319757081998e-05,19489.528177455333,19489.528177455333,1.8470425342988577e-05,20769.69649810054,20769.69649810054
A1V4XjVYwsFam3e5WrCCxnmgZMdVmXwayJ52neZxHYpG,57401.27676306,842141.96731487,14.671136511319236,57401.27676306,56349.999243,53131.05279317,54394.56476923,59903.10434986,51659.53103587,72887.29655493,77442.42034071,88670.9660844,92467.57241432,73496.45763501,68167.66844261,41044.43133396,46460.88066631,51705.89350585,43705.15252927,46344.75198816,53840.82861115,50619.8630385,1.7421215282854818e-05,14.671136511319235,14.671136511319235,1.7746229164754135e-05,14.944844341226569,14.944844341226569,1.8821384998577518e-05,15.850278190292652,15.850278190292652,1.8384189748415482e-05,15.482097722220479,15.482097722220479,1.6693625661861666e-05,14.058402756498182,14.058402756498182,1.9357512155997816e-05,16.30177336937351,16.30177336937351,1.3719811918752821e-05,11.554029400448503,11.554029400448503,1.2912819558072607e-05,10.874427266217195,10.874427266217195,1.1277648639219363e-05,9.49738121171806,9.49738121171806,1.0814602069569794e-05,9.10743026259497,9.10743026259497,1.3606097928774878e-05,11.458266077217253,11.458266077217253,1.4669711064592076e-05,12.353979335876286,12.353979335876286,2.436384102543538e-05,20.517813012506892,20.517813012506892,2.1523483534076145e-05,18.125828766856095,18.125828766856095,1.9340155100247134e-05,16.287156264296836,16.287156264296836,2.288059741537991e-05,19.268711320727565,19.268711320727565,2.1577416149631712e-05,18.171247685822497,18.171247685822497,1.8573265415772375e-05,15.641326276699784,15.641326276699784,1.9755090985517463e-05,16.63659118702793,16.63659118702793
AAZZQ5A6Mab8wcgALZBfRQLSD5P6FAAj4e7Dt7fVgm1x,50830.75502462,10446832.0574452,205.52187454987148,50830.75502462,51389.55443136,49283.52700049,50342.55454335,53547.56715816,55997.40419885,57207.15431682,57189.35864741,55189.537575,63250.42655776,64763.97368358,61492.4131079,67598.17431814,59684.04138635,68501.94864448,68890.8454167,71658.78946891,77223.41290507,70561.68973694,1.967312898491568e-05,205.52187454987148,205.52187454987148,1.9459207441381497e-05,203.2870721111004,203.2870721111004,2.0290755570112858e-05,211.97411575963977,211.97411575963977,1.9863910543889852e-05,207.51493745613223,207.51493745613223,1.867498474853889e-05,195.09442934333626,195.09442934333626,1.785797063822713e-05,186.5592201443463,186.5592201443463,1.7480331121906212e-05,182.61408353908683,182.61408353908683,1.748577049386596e-05,182.6709077444483,182.6709077444483,1.8119376315502675e-05,189.29008135370665,189.29008135370665,1.581017005611503e-05,165.16619137588268,165.16619137588268,1.5440683193494905e-05,161.3062241746579,161.3062241746579,1.6262168769427085e-05,169.88814602403502,169.88814602403502,1.4793298932803421e-05,154.54310952658065,154.54310952658065,1.675489757013513e-05,175.03560105489834,175.03560105489834,1.4598124867803766e-05,152.50415884756035,152.50415884756035,1.4515716768335485e-05,151.643255272242,151.643255272242,1.3955022229811202e-05,145.78577359275207,145.78577359275207,1.294944062145104e-05,135.28063141015784,135.28063141015784,1.417199621675849e-05,148.0524643952247,148.0524643952247
ABh9AHkXEuArbmeVY6T7TiCib2Z3KGvin7ndxT4r7CCF,73826.3116674,262691784159.929,3558240.662805963,73826.3116674,81885.49721036,92554.10883161,91917.45013966,72483.68978262,56102.84310954,63721.6776812,79707.5152537,86491.8250402,117013.70611384,167488.07691258,179385.16328775,168907.19619781,234891.99147554,204965.15052124,82358.1960322,271933.14830096,305949.67272683,262961.27382444,1.3545306238582917e-05,3558240.6628059633,3558240.6628059633,1.2212174732615312e-05,3208037.96898352,3208037.96898352,1.080449061229003e-05,2838250.9158816715,2838250.9158816715,1.0879327031815974e-05,2857909.8284470825,2857909.8284470825,1.3796207160521484e-05,3624150.2736373763,3624150.2736373763,1.7824408614150163e-05,4682325.700446714,4682325.700446714,1.569324657462735e-05,4122486.941950553,4122486.941950553,1.2545868439344938e-05,3295696.564167266,3295696.564167266,1.1561786325299717e-05,3037186.2778688516,3037186.2778688516,8.546007414098333e-06,2244965.935053472,2244965.935053472,5.970574254798732e-06,1568420.8034524173,1568420.8034524173,5.574597038417886e-06,1464400.8419946507,1464400.8419946507,5.920410867686677e-06,1555243.2937924464,1555243.2937924464,4.257275838644898e-06,1118351.3857145864,1118351.3857145864,4.878878177372756e-06,1281641.2131129918,1281641.2131129918,1.2142082369179445e-05,3189625.280976566,3189625.280976566,3.677374407084999e-06,966016.0440212194,966016.0440212194,3.268511422441884e-06,858611.0971083659,858611.0971083659,3.8028413289008736e-06,998975.1735660858,998975.1735660858
AFQHwVGqHTBXZX2LboaN2rDLrNbDmiAiLuBAxHKjeCoK,114687.76595796,1000909985.44557,8727.260288708248,114687.76595796,95451.06672036,113272.99001355,91053.385424,124558.04459032,91186.3909276,117090.8913701,120980.44691132,90899.92328473,78829.90592842,54612.70374209,96634.38047324,100920.00261628,142735.93198659,183722.36358944,181479.25753447,137419.27376332,110870.53261194,165596.29136838,8.719325829108576e-06,8727.260288708247,8727.260288708247,1.047657228315393e-05,10486.105811451062,10486.105811451062,8.828229923836012e-06,8836.263484576848,8836.263484576848,1.0982568032406388e-05,10992.56200947086,10992.56200947086,8.028385507247396e-06,8035.691221210416,8035.691221210416,1.0966548734163392e-05,10976.528133899614,10976.528133899614,8.540373963327408e-06,8548.14557933376,8548.14557933376,8.265798528029996e-06,8273.320284386518,8273.320284386518,1.1001109394423294e-05,11011.120243857342,11011.120243857342,1.2685540953303065e-05,12697.084610939753,12697.084610939753,1.831075796434704e-05,18327.420487591953,18327.420487591953,1.0348283862356008e-05,10357.700650057379,10357.700650057379,9.908838427226557e-06,9917.855325977838,9917.855325977838,7.005944376318289e-06,7012.319683733212,7012.319683733212,5.442995509434421e-06,5447.948556128309,5447.948556128309,5.5102716067155e-06,5515.285873678748,5515.285873678748,7.276999598486601e-06,7283.621562208643,7283.621562208643,9.019529143060207e-06,9027.736783306287,9027.736783306287,6.038782582246562e-06,6044.277786505369,6044.277786505369
AW2dXJsQrBAgTKzQineDy7ELhoSbzc2edMpH658A9Nk6,52663.09435529,58331835248358.8,1107641621.9454331,52663.09435529,50249.02974707,47815.42549101,48632.51926195,49849.14920667,33315.22454938,37961.12071958,34181.70683919,26496.12675639,24252.24088781,26691.78952522,32693.96533461,38759.72723049,38666.18260097,40873.96214074,37263.46492461,41789.756897,41858.67382796,49460.74575759,1.8988629746165878e-05,1107641621.9454331,1107641621.9454331,1.9900881768932257e-05,1160854956.6424236,1160854956.6424236,2.0913753035367523e-05,1219937596.483922,1219937596.483922,2.0562372979563044e-05,1199440952.959176,1199440952.959176,2.006052291592965e-05,1170167117.7279346,1170167117.7279346,3.001630676442822e-05,1750906260.9468246,1750906260.9468246,2.6342741759049517e-05,1536620472.2789378,1536620472.2789378,2.9255414444473562e-05,1706522015.497488,1706522015.497488,3.7741365339703196e-05,2201523105.043686,2201523105.043686,4.1233303125511755e-05,2405214244.6629896,2405214244.6629896,3.746470423255586e-05,2185384954.921939,2185384954.921939,3.058668441608075e-05,1784177436.152366,1784177436.152366,2.579997516632054e-05,1504959900.813558,1504959900.813558,2.5862392735271297e-05,1508600832.1621966,1508600832.1621966,2.446545300787656e-05,1427114774.1319196,1427114774.1319196,2.683593707732658e-05,1565389460.3299372,1565389460.3299372,2.392930886065499e-05,1395840502.0668192,1395840502.0668192,2.3889911183283547e-05,1393542363.2412202,1393542363.2412202,2.021805342161759e-05,1179356161.232314,1179356161.232314
Ab4NX6Ci9VZccZ2mEiURbxL8S1hv5sxQnFwszMunihhg,180683.70610344,10381240.6998158,57.455323026596666,180683.70610344,134279.76509245,135468.07369883,103512.79000048,65815.61172169,51778.20959399,76825.15370657,73209.39172986,69243.2579781,90838.67912079,114529.03737114,149243.84618511,160626.87551286,185142.03515183,229688.11019837,158148.1288268,105857.68280049,105410.51179501,94595.01786366,5.5345333653246405e-06,57.455323026596666,57.455323026596666,7.447138437511505e-06,77.31053664465709,77.31053664465709,7.381813092162074e-06,76.63237851078604,76.63237851078604,9.66064193608696e-06,100.28944925325325,100.28944925325325,1.5193963466124602e-05,157.73219192604708,157.73219192604708,1.931314365331149e-05,200.49439293514644,200.49439293514644,1.3016570117379162e-05,135.1281474745427,135.1281474745427,1.3659449646706036e-05,141.80203460946925,141.80203460946925,1.4441839237493366e-05,149.92420927246292,149.92420927246292,1.1008526430357712e-05,114.28216262382743,114.28216262382743,8.731410155482443e-06,90.64287047287935,90.64287047287935,6.700443774141823e-06,69.55891961494848,69.55891961494848,6.225608241504634e-06,64.62953765781658,64.62953765781658,5.401258548227186e-06,56.07176507108407,56.07176507108407,4.353729930279589e-06,45.19711834822468,45.19711834822468,6.323185784228757e-06,65.64251361573227,65.64251361573227,9.446645472910079e-06,98.06790046010478,98.06790046010478,9.486719900807263e-06,98.48392274201287,98.48392274201287,1.0571381269162634e-05,109.74405348470154,109.74405348470154
Ah8oCF1jFA2EGmVC9RqfrUiUNkAS4xNNwkks9r4rQ622,42091.46926964,8173487115595.61,194183934.5933936,42091.46926964,42844.45401814,46893.70975552,46836.34916619,49994.12611739,47337.80437053,44215.60496256,45809.27413412,52112.18994875,55517.30543537,64239.19840546,64440.78928421,71105.69354511,70548.09560742,55324.80403083,58361.89887631,64405.78629575,69240.40066189,75392.83522954,2.3757783164896225e-05,194183934.5933936,194183934.5933936,2.334024374722124e-05,190771181.5427738,190771181.5427738,2.132482171305048e-05,174298155.5139916,174298155.5139916,2.135093827342707e-05,174511618.88373333,174511618.88373333,2.0002349829096405e-05,163488948.60975552,163488948.60975552,2.1124765149068612e-05,172662995.7658955,172662995.7658955,2.261644957355576e-05,184855259.18997583,184855259.18997583,2.182964080749694e-05,178424287.8781564,178424287.8781564,1.9189368187816616e-05,156844053.6395394,156844053.6395394,1.8012401577453026e-05,147224132.21424636,147224132.21424636,1.5566819400333694e-05,127235197.79943123,127235197.79943123,1.5518121536184087e-05,126837166.4342474,126837166.4342474,1.40635714264652e-05,114948419.85347189,114948419.85347189,1.4174727062296826e-05,115856949.01076752,115856949.01076752,1.8075075321419043e-05,147736395.25303873,147736395.25303873,1.713446647990947e-05,140048341.00614494,140048341.00614494,1.5526555260237353e-05,126906099.36913325,126906099.36913325,1.4442435203157356e-05,118045058.05083112,118045058.05083112,1.3263859847628938e-05,108411987.56766108,108411987.56766108
Aiu7ojoRV3ctdx1oCffQL6P6yfAHH66AEdEQsMBHCV5X,2011197.85790023,14392960.23566,7.156411876197412,2011197.85790023,2077932.73875153,2195108.60787032,2338989.4926572,2604168.74134976,4069234.2078789,4822779.14867373,6664297.76940191,8306172.52665474,7763499.11686857,4122610.67806317,5317596.12486841,9914004.69462142,12177893.5615615,3003670.84052958,812097.83563884,248432.88866895,409207.94304809,39814.5188106,4.972161222586223e-07,7.156411876197411,7.156411876197411,4.812475309479089e-07,6.926576576442809,6.926576576442809,4.555583247291775e-07,6.556832852850937,6.556832852850937,4.275350544067446e-07,6.153495037427009,6.153495037427009,3.839996940757735e-07,5.526892327338213,5.526892327338213,2.457464842067306e-07,3.537019375240722,3.537019375240722,2.0734932477158968e-07,2.984370586328441,2.984370586328441,1.5005331913458985e-07,2.1597114555329515,2.1597114555329515,1.2039239454646194e-07,1.7328029473831166,1.7328029473831166,1.2880789769489312e-07,1.853926949561558,1.853926949561558,2.4256474309376376e-07,3.4912247019216256,3.4912247019216256,1.8805489858911507e-07,2.7066666775142068,2.7066666775142068,1.0086741239314961e-07,1.451780655648521,1.451780655648521,8.211600757921025e-08,1.1818924317987283,1.1818924317987283,3.329259606301232e-07,4.791790112768269,4.791790112768269,1.2313787281717676e-06,17.723185069613834,17.723185069613834,4.025231946373063e-06,57.9350033434558,57.9350033434558,2.443745330433335e-06,35.1727293670068,35.1727293670068,2.51164657987469e-05,361.50029350167847,361.50029350167847
AxqxqRFiVqQAPh2mvWbp2zpyWGubHpECreKfXiu17cap,61863.41090173,12880507095413.1,208208808.85267997,61863.41090173,61203.1642903,55843.18730621,46535.27439326,46456.65971183,57231.82455764,59454.00728099,59994.62962224,72062.3034249,61254.39258112,76633.08505178,85704.63956821,78816.6194695,89150.14302712,66905.76786774,61717.63496468,46285.61102325,47691.00959225,37465.92396439,1.6164643776084372e-05,208208808.85267994,208208808.85267994,1.6339024486655315e-05,210454920.83249217,210454920.83249217,1.7907287320772175e-05,230654941.39480704,230654941.39480704,2.1489074965996898e-05,276790182.5733871,276790182.5733871,2.152543911256181e-05,277258571.22123504,277258571.22123504,1.747279608380942e-05,225058473.93421346,225058473.93421346,1.681972411504284e-05,216646575.8067001,216646575.8067001,1.666815857180157e-05,214694334.7515608,214694334.7515608,1.3876880872149107e-05,178741262.5359189,178741262.5359189,1.6325359829104284e-05,210278913.11394972,210278913.11394972,1.3049194082742628e-05,168080236.97218904,168080236.97218904,1.1667979762100593e-05,150289496.11487314,150289496.11487314,1.2687679409886062e-05,163423744.6633641,163423744.6633641,1.1217031919912839e-05,144481059.23391253,144481059.23391253,1.4946394486897006e-05,192517140.23932013,192517140.23932013,1.6202824372195787e-05,208700594.29180014,208700594.29180014,2.1604986471879652e-05,278283181.5473499,278283181.5473499,2.096831265577788e-05,270082499.94158727,270082499.94158727,2.669092055357993e-05,343792591.57349366,343792591.57349366
B8NLPdvdTJd1smNjPyqk9PRhb2EpzRJRcDoVkJBZh77,167724.72919143,248875048.82318,1483.8303810234825,167724.72919143,232162.88916389,265526.06761276,267488.59546629,249944.27812888,256305.35899037,270640.37552916,268229.31392561,285488.40758312,280139.1628949,308734.9951028,288452.62801347,325664.07314746,410013.40163882,472832.27769859,403027.00387427,508533.68779662,629686.80908885,554112.85499711,5.962150034886422e-06,1483.8303810234825,1483.8303810234825,4.307320621316326e-06,1071.9846299271906,1071.9846299271906,3.766108574538858e-06,937.2904553617551,937.2904553617551,3.7384771423872687e-06,930.4136813359739,930.4136813359739,4.0008917486975446e-06,995.7221292933593,995.7221292933593,3.901596142738367e-06,971.0099305123418,971.0099305123418,3.6949401878592037e-06,919.5784196521892,919.5784196521892,3.72815329303395e-06,927.8443328241235,927.8443328241235,3.5027691963599253e-06,871.7518547604074,871.7518547604074,3.5696544162772793e-06,888.397917132888,888.397917132888,3.2390238096171386e-06,806.1122087579079,806.1122087579079,3.4667737537593265e-06,862.7934872257713,862.7934872257713,3.0706488140839597e-06,764.2078735239852,764.2078735239852,2.4389446686449973e-06,606.9924734860582,606.9924734860582,2.1149148380209705e-06,526.3495335693368,526.3495335693368,2.4812233185048915e-06,617.5145745341175,617.5145745341175,1.96643806299797e-06,489.3973689363793,489.3973689363793,1.588091072523798e-06,395.23624321001654,395.23624321001654,1.804686520050533e-06,449.1414457881112,449.1414457881112
BKEpuiM7jQEnGoc9WxNGrtYqDA8S44S4jNQUsqUZkahj,181223.99000454,4951769.24512057,27.324027271425372,181223.99000454,194620.3100881,337839.11745675,295550.01916974,403852.71880915,443735.19218691,422519.79443983,475247.75421399,1058319.99680545,1440385.98608476,1551244.18045433,1189659.9702666,3268508.23159664,2674813.42889799,1675456.13733696,1986884.35659495,2077476.02462996,1373657.38813096,764299.64062616,5.518033235969189e-06,27.32402727142537,27.32402727142537,5.1382098792634935e-06,25.443229655111644,25.443229655111644,2.9599887885334046e-06,14.657181448961408,14.657181448961408,3.383522027199332e-06,16.75442031447366,16.75442031447366,2.476150223647679e-06,12.261324523756999,12.261324523756999,2.2535963286382306e-06,11.159288991067418,11.159288991067418,2.3667530211827923e-06,11.719614821089145,11.719614821089145,2.104165650722317e-06,10.41934275588588,10.41934275588588,9.448937967897333e-07,4.678896042848607,4.678896042848607,6.942583513452447e-07,3.4378071523594937,3.4378071523594937,6.446438366054781e-07,3.1921275241595364,3.1921275241595364,8.405763201193551e-07,4.162339970143646,4.162339970143646,3.0594997140683597e-07,1.514993658957888,1.514993658957888,3.738578508677501e-07,1.8512578079737978,1.8512578079737978,5.968523900538762e-07,2.955475308945491,2.955475308945491,5.033005553044685e-07,2.492228210808772,2.492228210808772,4.813533288203024e-07,2.3835506096887826,2.3835506096887826,7.27983563179921e-07,3.6048066191076202,3.6048066191076202,1.308387374329707e-06,6.478832360909897,6.478832360909897
BLsosMPtK388G1bBzxBLYnWmMkpLzpnagYvG4EJDwPXP,56575.41652081,1.95284997830973e+16,345176420856.1183,56575.41652081,57408.36373433,48974.20271269,51367.4784602,47634.39388933,26412.32465454,23100.71753983,25689.79064799,30951.88119622,27934.63738082,27728.86525276,19445.53484431,14578.47036645,17603.85411373,19398.57469943,21474.77772796,19081.63466387,18746.17000715,24102.3491288,1.7675521657576703e-05,345176420856.1183,345176420856.1183,1.741906466151383e-05,340168200464.1307,340168200464.1307,2.0418913317824855e-05,398750744298.2253,398750744298.2253,1.9467570337812265e-05,380172443119.39825,380172443119.39825,2.0993234475142505e-05,409966374894.3312,409966374894.3312,3.7861112684305526e-05,739370730843.283,739370730843.283,4.328869864218768e-05,845363342044.5265,845363342044.5265,3.892596921875816e-05,760165781445.3708,760165781445.3708,3.230821395508991e-05,630930949214.2344,630930949214.2344,3.579785147619646e-05,699078334788.252,699078334788.252,3.606350245077068e-05,704266099787.6041,704266099787.6041,5.142568759391116e-05,1004266529023.3236,1004266529023.3236,6.85943020676119e-05,1339543813049.0698,1339543813049.0698,5.680574228458625e-05,1109330925883.2236,1109330925883.2236,5.15501790979202e-05,1006697661332.3617,1006697661332.3617,4.656625612930128e-05,909369122720.7134,909369122720.7134,5.240641158974936e-05,1023418597363.3282,1023418597363.3282,5.334422976099057e-05,1041732779316.997,1041732779316.997,4.1489731754200496e-05,810232217562.6696,810232217562.6696
BLx9fFtcrQJm79rmmrnZzSyGQhpnex22bDMP557gKATb,42248.5338063,97501645827032.0,2307811349.715828,42248.5338063,44832.12971913,46493.83314685,59856.43754499,68126.27576977,57709.16658625,45931.21475768,39470.04544674,44655.77527527,30853.19336105,26439.89264225,36089.95164275,35854.45588962,39557.04170536,59143.24201474,62623.33165867,75095.77750265,110869.06239912,93015.63982261,2.3669460450030633e-05,2307811349.7158284,2307811349.7158284,2.230543153459197e-05,2174816285.504897,2174816285.504897,2.150822877609417e-05,2097087704.4935117,2097087704.4935117,1.6706640772738406e-05,1628924971.5829923,1628924971.5829923,1.4678624197504347e-05,1431190017.7331707,1431190017.7331707,1.7328269652022036e-05,1689534810.4067595,1689534810.4067595,2.177168631998337e-05,2122775248.6282563,2122775248.6282563,2.5335668826360432e-05,2470269408.6987705,2470269408.6987705,2.239352007295217e-05,2183405062.973514,2183405062.973514,3.241155585737294e-05,3160180039.908641,3160180039.908641,3.7821636174196705e-05,3687671774.8553886,3687671774.8553886,2.7708543638375503e-05,2701628608.211749,2701628608.211749,2.7890536202210327e-05,2719373182.7139254,2719373182.7139254,2.527994907830783e-05,2464836641.558574,2464836641.558574,1.6908102530983583e-05,1648567824.5831046,1648567824.5831046,1.5968489275698783e-05,1556953985.7519414,1556953985.7519414,1.3316327938208133e-05,1298363890.3477807,1298363890.3477807,9.019648749261339e-06,879430597.8347112,879430597.8347112,1.075088019506288e-05,1048228513.1078736,1048228513.1078736
BbgV3k5sxmYwCsM8EL7DHw31pwLeKjtJHuqHaGj5GvDP,88198.50536044,59791023368.3932,677914.2472318073,88198.50536044,93992.16904666,112935.46653875,110265.95490077,108382.50797459,104547.09721294,99993.45160592,100241.41414657,118883.38962576,129362.39266846,122090.18379489,103455.34670741,108027.24697756,104870.04377081,114895.31548387,112000.75660158,107209.69078095,118516.74407426,109753.99957029,1.1338060615804196e-05,677914.2472318073,677914.2472318073,1.0639184201649562e-05,636127.7112214688,636127.7112214688,8.854614326641876e-06,529426.4521223537,529426.4521223537,9.0689823608739e-06,542243.7362665571,542243.7362665571,9.226581103238978e-06,551666.7263541368,551666.7263541368,9.565067100459179e-06,571905.1505238038,571905.1505238038,1.0000654882292274e-05,597949.389766373,597949.389766373,9.97591672577394e-06,596470.2700718942,596470.2700718942,8.411604036089135e-06,502938.41348747606,502938.41348747606,7.730221893490157e-06,462197.8778765347,462197.8778765347,8.190666677019568e-06,489728.3426883965,489728.3426883965,9.666005980610908e-06,577940.3894657353,577940.3894657353,9.256923859290104e-06,553480.9507902513,553480.9507902513,9.535611543993123e-06,570143.9726588128,570143.9726588128,8.703575039492265e-06,520395.6585748458,520395.6585748458,8.92851111316415e-06,533844.8166121561,533844.8166121561,9.32751501021668e-06,557701.667944904,557701.667944904,8.437626327073429e-06,504494.3128958171,504494.3128958171,9.111285273568256e-06,544773.0707080165,544773.0707080165
BftCZYuXm1bHKRDUmQecVqTEX83W9kTgHUA9BHDBEkfS,81739.24067669,21094097.9053117,258.06574334042244,81739.24067669,80480.09753815,69139.91841114,76818.84509556,76021.59771065,76711.79808673,87756.49841074,102991.00785629,208084.98437291,197009.09363339,273369.16429687,263599.90455799,235311.39710601,295087.47241144,151950.90115256,146114.11276344,149548.08446074,238280.94850765,202682.47492128,1.2234026053109338e-05,258.06574334042244,258.06574334042244,1.2425432257036838e-05,262.1032845457532,262.1032845457532,1.4463424646432293e-05,305.09289553794105,305.09289553794105,1.3017639080046496e-05,274.5953532505125,274.5953532505125,1.3154156583319324e-05,277.4750668303383,277.4750668303383,1.303580446477613e-05,274.9785356544871,274.9785356544871,1.1395167515909181e-05,240.37077922801578,240.37077922801578,9.709585533868787e-06,204.81494787142634,204.81494787142634,4.80572878919459e-06,101.37251358564573,101.37251358564573,5.075907825152877e-06,107.07169662211255,107.07169662211255,3.6580570547233797e-06,77.16341365555112,77.16341365555112,3.7936280806960893e-06,80.02316215054303,80.02316215054303,4.249687912691669e-06,89.64333289733779,89.64333289733779,3.388825665244445e-06,71.48422036669938,71.48422036669938,6.581073178341941e-06,138.82180194596575,138.82180194596575,6.843965863988844e-06,144.36728599559186,144.36728599559186,6.686812496501914e-06,141.05227747567312,141.05227747567312,4.196726621507028e-06,88.52616223589725,88.52616223589725,4.933825681714173e-06,104.07460197782001,104.07460197782001
Bib7gcMGLAEXVBTPajK5sKQ1Lc4ZEzGV8dZKB8k2Z15F,42596.9748722,1172654478.66936,27529.055342253134,42596.9748722,45325.95775805,45412.19837102,44000.84572626,48189.62528207,49057.06142487,51032.27402774,52105.26024049,60304.4592596,55087.4804702,58035.35816473,67881.62306195,66806.47013096,65772.19837673,67563.11296326,62905.55584535,61381.01639663,63169.23566099,62859.64553165,2.3475845479642933e-05,27529.055342253134,27529.055342253134,2.206241300708969e-05,25871.587423016867,25871.587423016867,2.202051510102965e-05,25822.45565582869,25822.45565582869,2.2726835893592685e-05,26650.725896605025,26650.725896605025,2.0751354552907712e-05,24334.168854923042,24334.168854923042,2.038442521738653e-05,23903.887526268954,23903.887526268954,1.959544266940608e-05,22978.683607787716,22978.683607787716,1.9191920266486245e-05,22505.49125476035,22505.49125476035,1.6582521629042015e-05,19445.56825592765,19445.56825592765,1.8152944942562e-05,21287.13218793364,21287.13218793364,1.7230874963527544e-05,20205.86269737232,20205.86269737232,1.4731527545936577e-05,17274.991754383573,17274.991754383573,1.4968610046896816e-05,17553.007610948727,17553.007610948727,1.520399233536638e-05,17829.029705722005,17829.029705722005,1.4800975800860268e-05,17356.430561555608,17356.430561555608,1.5896847052086264e-05,18641.50889235077,18641.50889235077,1.629168200047764e-05,19104.5138629171,19104.5138629171,1.583049073708434e-05,18563.695862375767,18563.695862375767,1.590845750946046e-05,18655.12394719002,18655.12394719002
BjmG2BsfJAATDvPjAynQwfgbdL3tajwJUnhqAZdTQ4gt,45008.53386222,4173358.36382371,92.72371272077388,45008.53386222,53228.86779732,51112.05023757,53587.72210111,50733.45669135,58710.94886911,66686.90334905,82894.7039211,73462.07624801,78118.03220305,87868.94540012,58802.12202739,49078.14079137,29801.16859542,34300.15367461,22901.60351973,21644.40428451,17265.97336383,20323.35544151,2.22180087683193e-05,92.72371272077388,92.72371272077388,1.8786798242782623e-05,78.40404157598545,78.40404157598545,1.9564857902431554e-05,81.65116336413513,81.65116336413513,1.8660991002998546e-05,77.87900287960298,77.87900287960298,1.9710858774787542e-05,82.26047732590756,82.26047732590756,1.7032598165452868e-05,71.08313601144111,71.08313601144111,1.4995448128185513e-05,62.581378865047604,62.581378865047604,1.2063496854416779e-05,50.34529549434128,50.34529549434128,1.3612465792880294e-05,56.809697968981126,56.809697968981126,1.2801141705678507e-05,53.423751803885914,53.423751803885914,1.1380584977393324e-05,47.4952595006109,47.4952595006109,1.7006188986414476e-05,70.97292104321951,70.97292104321951,2.037566998006253e-05,85.03497272980565,85.03497272980565,3.3555731104909936e-05,140.0400910608953,140.0400910608953,2.9154388329759288e-05,121.67171037816529,121.67171037816529,4.36650647252053e-05,182.2299630778392,182.2299630778392,4.62013177565556e-05,192.8146558789982,192.8146558789982,5.791738345287106e-05,241.70999664382438,241.70999664382438,4.9204473290740284e-05,205.34790014545132,205.34790014545132
BkfXY991Xm3h6jE4yRMgMG9siaxa3mdM4ZovQqKgTkAq,57196.9231702,874371516927537.0,15287037631.826508,57196.9231702,59314.81785511,61515.27640587,59190.54635739,60021.94363036,60247.92839719,62360.44731239,63751.72886639,67286.88517998,58762.18590412,86371.4980184,105446.75891461,113458.29940863,95820.16298866,110298.97227559,120619.71114891,123219.61008233,134805.42301905,133082.57824234,1.7483457930495937e-05,15287037631.82651,15287037631.82651,1.6859193641000948e-05,14741198718.057085,14741198718.057085,1.6256124631581376e-05,14213892353.478907,14213892353.478907,1.6894589787396836e-05,14772148100.274647,14772148100.274647,1.666057344224663e-05,14567530873.579823,14567530873.579823,1.659808107272018e-05,14512889325.640585,14512889325.640585,1.6035805435945236e-05,14021251524.18228,14021251524.18228,1.568584911784567e-05,13715259687.467186,13715259687.467186,1.4861737132357732e-05,12994679640.597935,12994679640.597935,1.7017746780755594e-05,14879833067.37798,14879833067.37798,1.1577893436408463e-05,10123380246.817842,10123380246.817842,9.483458859174538e-06,8292066308.41633,8292066308.41633,8.813810935050352e-06,7706545237.19249,7706545237.19249,1.0436216854675426e-05,9125130762.207281,9125130762.207281,9.06626761218978e-06,7927286164.941376,7927286164.941376,8.290518941514118e-06,7248993623.008178,7248993623.008178,8.115591335923263e-06,7096041907.1552,7096041907.1552,7.41809919515393e-06,6486174645.985683,6486174645.985683,7.514131550555215e-06,6570142602.252029,6570142602.252029
C33kuquEfL23BZySJP5UfxNeqQdS2LYBksXfKNfr7Ekx,66342.30852982,1141397983.4555,17204.676906026813,66342.30852982,66498.21135015,66793.3666663,64880.15445045,64866.20308855,65087.74890997,58351.6535381,58717.49619715,63334.05696566,63072.13427035,60816.54026178,57409.95700615,54852.2869414,53780.2029317,51525.8703439,51661.62570029,51648.0746677,52020.72526291,52020.72526291,1.5073337394500118e-05,17204.676906026813,17204.676906026813,1.5037998461860048e-05,17164.341119573968,17164.341119573968,1.4971546575815006e-05,17088.493070845343,17088.493070845343,1.541303359201643e-05,17592.405460859434,17592.405460859434,1.54163486127727e-05,17596.18921886575,17596.18921886575,1.536387441180689e-05,17536.29527169994,17536.29527169994,1.7137474936285434e-05,19560.679333795368,19560.679333795368,1.703069893584014e-05,19438.805422205663,19438.805422205663,1.5789293279320545e-05,18021.86750920395,18021.86750920395,1.5854862239378774e-05,18096.707787991683,18096.707787991683,1.6442895233691014e-05,18767.887461904975,18767.887461904975,1.741858123831857e-05,19881.53350007262,19881.53350007262,1.8230780442542416e-05,20808.57603393788,20808.57603393788,1.8594202801168008e-05,21223.38558121577,21223.38558121577,1.940772651341322e-05,22151.93990586569,22151.93990586569,1.9356727289253435e-05,22093.729494251915,22093.729494251915,1.9361805961479264e-05,22099.526280489106,22099.526280489106,1.9223107616167458e-05,21941.2162688416,21941.2162688416,1.9223107616167458e-05,21941.2162688416,21941.2162688416
C6xmA1vuzhfSfzfNQpn6YevYYYxkUTUNanW8uyd5Lq3,60972.01865428,595218.40529114,9.762156779917568,60972.01865428,59736.35233609,57451.89586621,62211.77107233,63515.63111541,65072.36200701,63658.74552234,66300.8655227,64804.51201749,70971.52778777,71362.02700806,73437.1731321,66215.46921163,33844.68312036,46277.06584485,6534.26257463,44551.52462773,45282.21743443,62459.89036795,1.640096591963179e-05,9.76215677991757,9.76215677991757,1.6740225355136813e-05,9.964090240098841,9.964090240098841,1.740586598445299e-05,10.360291793977407,10.360291793977407,1.6074128460952483e-05,9.567617108973062,9.567617108973062,1.5744155925695943e-05,9.37121138274779,9.37121138274779,1.536750732810765e-05,9.147023205136142,9.147023205136142,1.5708760702000735e-05,9.350143494145007,9.350143494145007,1.5082759359417735e-05,8.97753597330264,8.97753597330264,1.5431024304760006e-05,9.184829678688072,9.184829678688072,1.4090157435955925e-05,8.386721039330784,8.386721039330784,1.4013054868621581e-05,8.340828172158183,8.340828172158183,1.3617081885779883e-05,8.10513776477277,8.10513776477277,1.5102211188807241e-05,8.989114060171858,8.989114060171858,2.954673844762424e-05,17.586762540349312,17.586762540349312,2.1608975887810876e-05,12.862060167917486,12.862060167917486,0.00015303945756367537,91.09190187767194,91.09190187767194,2.2445920950089653e-05,13.360225273203353,13.360225273203353,2.2083724178216975e-05,13.144639088247699,13.144639088247699,1.6010274659609862e-05,9.52961015116613,9.52961015116613
C7Gcv3v1jwW8Enzky6tVtKf1fppTv5ZrM5Pgqwe4k96u,57675.15410151,10701575.9201408,185.54915174228586,57675.15410151,89367.03783647,112662.90360033,122537.96218207,89513.52284242,106555.51649696,60751.48661669,57064.46643128,75224.18083494,91010.89182458,97207.5610548,129700.88847517,191671.53392357,123065.86104965,21855.92515471,126692.28286715,169760.36052693,27405.40372661,30773.0950658,1.7338488567190823e-05,185.54915174228586,185.54915174228586,1.1189808056857264e-05,119.7485804522612,119.7485804522612,8.876036104550308e-06,94.98757424275591,94.98757424275591,8.16073633176774e-06,87.3327394186638,87.3327394186638,1.1171496420271653e-05,119.55261708311826,119.55261708311826,9.38477924818214e-06,100.43192761818307,100.43192761818307,1.64605025439044e-05,176.1533176572637,176.1533176572637,1.752404013457748e-05,187.53484592777528,187.53484592777528,1.3293597735470744e-05,142.26244541795197,142.26244541795197,1.0987695867517282e-05,117.5856615136535,117.5856615136535,1.0287265611326858e-05,110.08995395026803,110.08995395026803,7.710047415684747e-06,82.50965776683569,82.50965776683569,5.21725881527486e-06,55.832891306687756,55.832891306687756,8.125730332285714e-06,86.9581200575465,86.9581200575465,4.575418303830062e-05,489.6418634483925,489.6418634483925,7.893140587328461e-06,84.46904324364027,84.46904324364027,5.890656669766937e-06,63.03930957099465,63.03930957099465,3.6489154109013314e-05,390.49145295932357,390.49145295932357,3.249591884929899e-05,347.75754266050757,347.75754266050757
C8GGhNMuqnPW7ugiE4fM5ycLz3TjpBMLiybJSG3qC9Be,48857.98718585,1106746001.67558,22652.304473077234,48857.98718585,53429.26318327,55053.31760268,55799.51785212,55282.14068194,57712.67943016,60243.36736465,64749.54438788,70305.45069099,62111.1659874,59395.738897,58843.46257922,122583.66416753,122716.03493072,138280.45323581,108547.07044703,118473.11858264,805056.46345854,169147.57899526,2.04674825468376e-05,22652.30447307723,22652.30447307723,1.871633521446585e-05,20714.229164629938,20714.229164629938,1.816420959799378e-05,20103.16634617681,20103.16634617681,1.7921301804976203e-05,19834.329117478766,19834.329117478766,1.8089024550503482e-05,20019.955595481133,20019.955595481133,1.7327214918346197e-05,19176.825831053116,19176.825831053116,1.6599337715421042e-05,18371.250647004897,18371.250647004897,1.5444124116295448e-05,17092.72261509139,17092.72261509139,1.4223648240237441e-05,15741.965819122688,15741.965819122688,1.6100164666090186e-05,17818.792870513764,17818.792870513764,1.6836224594059367e-05,18633.42425278727,18633.42425278727,1.6994241266032164e-05,18808.308572691243,18808.308572691243,8.1576938231618e-06,9028.495021677898,9028.495021677898,8.148894319838116e-06,9018.75620655768,9018.75620655768,7.2316800863727094e-06,8003.63302098991,8003.63302098991,9.212593171623098e-06,10196.000657757615,10196.000657757615,8.440733323842216e-06,9341.747857372202,9341.747857372202,1.242148899350461e-06,1374.743327841845,1374.743327841845,5.911997120739297e-06,6543.079175295758,6543.079175295758
CL84Hdo7m23ZwNfYaCcJMExxCRyz1QZdMTdu29sdFQLY,63836.47071435,1772189728058330.0,27761398902.962128,63836.47071435,64459.42625708,69386.11817354,69501.20503303,71318.95598163,75089.91844559,80454.92185739,86711.3653023,88483.61900649,95712.70336651,85548.73992084,75906.94124047,81833.11523776,4369.50276195,5668.23890742,4863.13817321,4567.73067914,4842.88067881,5393.99164978,1.5665026415302857e-05,27761398902.962128,27761398902.962128,1.5513634825289242e-05,27493104282.22558,27493104282.22558,1.4412104702253602e-05,25540983913.03499,25540983913.03499,1.4388239736631278e-05,25498690666.098644,25498690666.098644,1.402151764893439e-05,24848789549.23011,24848789549.23011,1.3317366974164421e-05,23600900956.39743,23600900956.39743,1.2429320381076814e-05,22027113906.090378,22027113906.090378,1.1532513604343804e-05,20437802148.311035,20437802148.311035,1.1301526895352834e-05,20028449875.31924,20028449875.31924,1.0447933919186545e-05,18515721171.014606,18515721171.014606,1.1689242891541366e-05,20715556181.16846,20715556181.16846,1.3174025769686096e-05,23346873146.213432,23346873146.213432,1.2219991834535137e-05,21656144006.11984,21656144006.11984,0.0002288589925398571,405581555752.9127,405581555752.9127,0.00017642163930157415,312652616977.4615,312652616977.4615,0.00020562853951154188,364412785517.99097,364412785517.99097,0.00021892709317710416,387980345722.1329,387980345722.1329,0.0002064886719954706,365937103470.77875,365937103470.77875,0.00018539146237662158,328548845293.5611,328548845293.5611
CPFpZQpV7MRvynYddAzaXoW6kR8o6FtvXaxrEJr2aM6u,49880.46660459,421903.88624646,8.458298708208885,49880.46660459,46514.27164769,48638.75872584,46779.52735052,41213.56536019,27792.90361213,33111.38685712,28608.06098812,27895.064867,29575.93118833,21575.85999043,17445.02017151,5514.90636943,4706.11310874,6250.65067081,5647.51763043,5546.69600162,5543.7514196,5395.63127168,2.0047927937947157e-05,8.458298708208885,8.458298708208885,2.1498778000314278e-05,9.070417987882493,9.070417987882493,2.0559735202879188e-05,8.674232182292881,8.674232182292881,2.1376872675668108e-05,9.018985657660137,9.018985657660137,2.426385563249386e-05,10.237014986672218,10.237014986672218,3.59804075873367e-05,15.180273789828972,15.180273789828972,3.020109077022753e-05,12.74195756484109,12.74195756484109,3.495518275129753e-05,14.747727447227653,14.747727447227653,3.5848635045943375e-05,15.124678442514554,15.124678442514554,3.3811276934353215e-05,14.265109137558916,14.265109137558916,4.6348094604041334e-05,19.554441233563622,19.554441233563622,5.732294890854473e-05,24.184774915622295,24.184774915622295,0.00018132674120147505,76.50245679330843,76.50245679330843,0.0002124895804443886,89.65017977636735,89.65017977636735,0.00015998334456121728,67.49759480508403,67.49759480508403,0.00017706894700280206,74.70607687405065,74.70607687405065,0.0001802875080422533,76.06400028471658,76.06400028471658,0.00018038326835227277,76.10440193166197,76.10440193166197,0.00018533512570599305,78.19360979333466,78.19360979333466
CWn7YTgmqN77xBtqCktqz549NRhQ9DXHH4UvKisKK9ji,55189.70344815,52024541.8157691,942.6494176517087,55189.70344815,60521.01086953,71006.82369053,65648.80572537,81811.14370403,71904.50126938,74101.25861414,88716.87796488,74425.95345084,77931.50483388,64697.64602225,51887.48836326,73597.22059907,94461.46044337,110006.84711292,98770.33555055,87180.99315369,88207.66387556,120226.22008527,1.8119321857554223e-05,942.6494176517087,942.6494176517087,1.652318733002957e-05,859.6112501809096,859.6112501809096,1.4083153534064747e-05,732.6696099308477,732.6696099308477,1.5232569563920486e-05,792.467452239793,792.467452239793,1.2223273685278406e-05,635.9102129653564,635.9102129653564,1.3907335178553595e-05,723.5227405425782,723.5227405425782,1.3495047435121164e-05,702.0736595942485,702.0736595942485,1.1271812342132532e-05,586.4108725327761,586.4108725327761,1.343617318467438e-05,699.0107536900077,699.0107536900077,1.2831780961135236e-05,667.5675251833699,667.5675251833699,1.5456512894705513e-05,804.1180014165813,804.1180014165813,1.9272468788604355e-05,1002.6413583858521,1002.6413583858521,1.3587469633501844e-05,706.8818821186095,706.8818821186095,1.0586327961756465e-05,550.7488617218448,550.7488617218448,9.09034324902993e-06,472.92094247885194,472.92094247885194,1.012449734453121e-05,526.7223354642072,526.7223354642072,1.1470390091073129e-05,596.7417889362175,596.7417889362175,1.1336883396104468e-05,589.7961643011353,589.7961643011353,8.317653164931524e-06,432.7220948880443,432.7220948880443
CbToMLesT5H8m7e8mzk1N4Yukzh1J55X2SRnWwP8zfwG,55944.42275027,41833433445692.3,747767719.9822462,55944.42275027,57074.66874962,61770.7861021,60040.98523322,60642.34156649,61256.98575992,65327.0794129,63948.14371093,76722.7315183,76817.41051064,75069.66549409,68018.15606986,86743.27910546,114018.59594489,106543.29159976,108686.30451045,90205.92003414,91231.74907313,99627.42462358,1.78748828004517e-05,747767719.9822462,747767719.9822462,1.7520907644455805e-05,732959723.8524634,732959723.8524634,1.6188882530118932e-05,677236539.8838611,677236539.8838611,1.6655289651155012e-05,696747951.1403209,696747951.1403209,1.6490128418005945e-05,689838689.6855708,689838689.6855708,1.6324668731158703e-05,682916942.8879018,682916942.8879018,1.5307587741363686e-05,640368952.9924331,640368952.9924331,1.5637670493148032e-05,654177447.8207744,654177447.8207744,1.3033946787484733e-05,545254745.4689375,545254745.4689375,1.301788218780806e-05,544582708.1075317,544582708.1075317,1.3320959850003952e-05,557261487.3178796,557261487.3178796,1.4701956915340683e-05,615033336.13934,615033336.13934,1.152827066618301e-05,482267143.65769374,482267143.65769374,8.770499160359265e-06,366900092.9103895,366900092.9103895,9.385856068316294e-06,392642585.1647569,392642585.1647569,9.200791254282197e-06,384900688.583722,384900688.583722,1.108574691795763e-05,463754855.88816905,463754855.88816905,1.0961096440214195e-05,458540298.42351526,458540298.42351526,1.0037396869168074e-05,419898773.89434284,419898773.89434284
CjVU5v6LjmuiQARmh6W9HHzpAmJDtf8Zhjci5BCNfejd,52899.74942749,5497831104150.36,103929246.61554909,52899.74942749,48564.51420158,53602.19369365,48733.5830248,52239.42511229,45021.3481486,47628.23980386,47358.44151333,39596.52319373,39089.25751384,40589.59715559,50711.40238967,74238.04638203,64461.59388637,66811.41260531,266424.67245866,73184.78907612,85897.75377471,60260.44310392,1.890368122387245e-05,103929246.6155491,103929246.6155491,2.059116654290482e-05,113206755.89032236,113206755.89032236,1.8655952883481806e-05,102567278.04036988,102567278.04036988,2.0519730705848382e-05,112814013.72340247,112814013.72340247,1.9142630261540475e-05,105242948.06714717,105242948.06714717,2.2211684925545623e-05,122116092.2592524,122116092.2592524,2.0995947028866593e-05,115432170.6363961,115432170.6363961,2.1115559719559807e-05,116089781.00774036,116089781.00774036,2.5254742571902052e-05,138846309.23911336,138846309.23911336,2.558247619939925e-05,140648133.3702435,140648133.3702435,2.463685451636171e-05,135449265.06848067,135449265.06848067,1.971943099336771e-05,108414101.07148363,108414101.07148363,1.3470182052663216e-05,74056785.86769977,74056785.86769977,1.5513113153279378e-05,85288476.01630343,85288476.01630343,1.4967502721541356e-05,82288802.01394524,82288802.01394524,3.753406134543211e-06,20635592.993000437,20635592.993000437,1.3664041566887529e-05,75122592.73483768,75122592.73483768,1.1641747962615756e-05,64004364.05554799,64004364.05554799,1.659463403339875e-05,91234495.1508118,91234495.1508118
CkDiBw8EJuv5w2XHFg2paFuV3nEbtyZNY2ENBHvXZtRa,68716.95710983,1160442.07292612,16.887273851072752,68716.95710983,53844.3217764,55435.61110679,50205.04092178,49663.92376236,52837.602721,57174.48408238,59598.40380514,57801.82457677,46052.93499231,52124.57775431,46442.30530972,41609.41157168,38448.30234037,43177.94398116,56213.3696197,56564.74313241,50345.98650265,44953.84314007,1.4552448799525635e-05,16.887273851072752,16.887273851072752,1.857206047004757e-05,21.551800350371252,21.551800350371252,1.803894608600275e-05,20.933151989443548,20.933151989443548,1.9918318591912134e-05,23.11405491600139,23.11405491600139,2.013534018747617e-05,23.365895906227454,23.365895906227454,1.8925915418235954e-05,21.962428519962145,21.962428519962145,1.7490319607591867e-05,20.296502741574265,20.296502741574265,1.6778972860910013e-05,19.471026048285523,19.471026048285523,1.7300491936406633e-05,20.076218725325337,20.076218725325337,2.1714142652731725e-05,25.19800471174948,25.19800471174948,1.9184807687335435e-05,22.262858001380494,22.262858001380494,2.1532092201949932e-05,24.986745709267122,24.986745709267122,2.4033024314158175e-05,27.888932553805553,27.888932553805553,2.6008950698195555e-05,30.181880662847302,30.181880662847302,2.3159972610931494e-05,26.875806625541504,26.875806625541504,1.7789362330799497e-05,20.6435244991868,20.6435244991868,1.767885691019833e-05,20.51528935983481,20.51528935983481,1.9862556471057812e-05,23.049346204886444,23.049346204886444,2.2245039136790537e-05,25.814079328219876,25.814079328219876
CqUBu9AqykE9LPaFPLe7K7nGD2K8QMjJXnUZuceQihcS,52388.06159017,8296585.95275612,158.36787430044703,52388.06159017,53101.24759699,50070.72403276,49030.07956683,50607.3354201,45222.06305055,42019.73933113,44508.70965247,51803.68992148,46467.35416301,47563.86333242,35866.98295846,32466.86725169,38641.3019612,34600.33086652,35513.33279464,23920.22562133,21744.17911262,13356.82902116,1.9088318400153178e-05,158.36787430044703,158.36787430044703,1.8831949252670368e-05,156.24088563272107,156.24088563272107,1.9971750345485827e-05,165.6973433683099,165.6973433683099,2.0395643018220257e-05,169.2142053623946,169.2142053623946,1.9759981269490517e-05,163.94038302717905,163.94038302717905,2.2113099945975104e-05,183.46323438366915,183.46323438366915,2.3798338969208166e-05,197.44496479086104,197.44496479086104,2.2467512713986424e-05,186.40365037622928,186.40365037622928,1.9303644229121944e-05,160.15434354833485,160.15434354833485,2.152048503755875e-05,178.54655385910817,178.54655385910817,2.1024364505697968e-05,174.43044722359812,174.43044722359812,2.7880795024163816e-05,231.31541234915025,231.31541234915025,3.080063106328643e-05,255.54008301568598,255.54008301568598,2.58790451989456e-05,214.70772286831277,214.70772286831277,2.8901457730498778e-05,239.78342822103093,239.78342822103093,2.8158438572426216e-05,233.61890591153744,233.61890591153744,4.1805625742438066e-05,346.8439672808913,346.8439672808913,4.5989319478131724e-05,381.55434195908106,381.55434195908106,7.486806924126915e-05,621.1493715770862,621.1493715770862
CtBfQtB1SwySUxNW6KXuRT4S1ecMjNM19NSNZYQuNAWd,65719.25853267,16992041.9445784,258.5549856155393,65719.25853267,71119.35649901,66123.42739453,64655.94926022,68339.87151886,68019.94594992,75472.44159385,82666.41253685,85524.11510648,100442.03511338,106487.33185956,89716.84694431,67778.42529223,59579.12898709,62262.55108913,62270.04750571,48718.63380649,36834.95023667,32381.45384265,1.5216239840911859e-05,258.5549856155393,258.5549856155393,1.406086963137694e-05,238.92288655360562,238.92288655360562,1.512323301140201e-05,256.9746096673757,256.9746096673757,1.5466480833423578e-05,262.80709105655137,262.80709105655137,1.4632746269123822e-05,248.6402383693251,248.6402383693251,1.4701570047354266e-05,249.80969489580116,249.80969489580116,1.3249869473965536e-05,225.14233786181134,225.14233786181134,1.209681138097329e-05,205.5495263811515,205.5495263811515,1.1692608555551508e-05,198.6812950174675,198.6812950174675,9.955991023789887e-06,169.17261707608384,169.17261707608384,9.390788392734285e-06,159.56867026200098,159.56867026200098,1.1146178605905874e-05,189.39633439331502,189.39633439331502,1.4753957408842875e-05,250.6998631395814,250.6998631395814,1.6784401131756836e-05,285.2012480454414,285.2012480454414,1.606101874252601e-05,272.9095041456618,272.9095041456618,1.6059085227264404e-05,272.8766497732361,272.8766497732361,2.0526027145424305e-05,348.7791142106047,348.7791142106047,2.714812952304407e-05,461.30215557241206,461.30215557241206,3.0881874694671306e-05,524.7461101390692,524.7461101390692
CxcnGLe4ykjfFfRSoAkyeWfNnq36MBr9K6o1Ggnbew5G,61494.549456,8060004.35484155,131.0685975609687,61494.549456,56493.6919832,63142.9814966,61597.67506585,57284.45349405,59999.60313976,51529.00861061,60388.74775094,53608.57148813,50258.0016329,44874.2467391,39964.8692222,29971.4882455,38204.63164447,37627.31507345,34916.96344324,34212.05112859,41043.18738978,42866.63940158,1.6261603814424407e-05,131.06859756096867,131.06859756096867,1.770109130586435e-05,142.67087301071456,142.67087301071456,1.5837072882816692e-05,127.64687640344556,127.64687640344556,1.6234378958799437e-05,130.8491651060715,130.8491651060715,1.7456743304775834e-05,140.70142705784428,140.70142705784428,1.6666776906351385e-05,134.33429444636474,134.33429444636474,1.9406544526340773e-05,156.41683339473306,156.41683339473306,1.6559376328257018e-05,133.46864531921165,133.46864531921165,1.8653733390777252e-05,150.34917236371788,150.34917236371788,1.9897329131872563e-05,160.3725594526085,160.3725594526085,2.2284496624846433e-05,179.61313984171406,179.61313984171406,2.5021976037006825e-05,201.6772358250159,201.6772358250159,3.3365043197350824e-05,268.92239347012406,268.92239347012406,2.617483684454649e-05,210.96929895431177,210.96929895431177,2.65764378363952e-05,214.20620469752103,214.20620469752103,2.8639374716119602e-05,230.83348493186296,230.83348493186296,2.9229466431035747e-05,235.58962672384303,235.58962672384303,2.4364579449036793e-05,196.37861646311947,196.37861646311947,2.332816413789464e-05,188.02510454188925,188.02510454188925
D1QrLvvrdTHgGvE9b1iGfwSyQKBtBWnEwjoRuWUGxyJ1,74844.00787473,883859.74661264,11.80935884796547,74844.00787473,78852.5198045,79980.54560262,81384.11302682,82334.74358178,84103.61896196,86430.17952898,86984.34395334,98409.89385408,104014.47277707,103139.41930906,97941.61944465,109217.66823255,115453.41181741,133215.09048293,154459.10314678,188677.1803069,186356.18001176,172813.81941271,1.3361123066441711e-05,11.80935884796547,11.80935884796547,1.2681902905313768e-05,11.20902348845673,11.20902348845673,1.2503040488976635e-05,11.050934198474467,11.050934198474467,1.228741043931328e-05,10.860347477416942,10.860347477416942,1.2145540952668878e-05,10.734954748899357,10.734954748899357,1.1890094770503267e-05,10.509176151057293,10.509176151057293,1.157003266046324e-05,10.226286135577007,10.226286135577007,1.1496321689066466e-05,10.161135975075684,10.161135975075684,1.01615799066177e-05,8.981411441447214,8.981411441447214,9.614046711973048e-06,8.497468890766584,8.497468890766584,9.695614021283886e-06,8.569562952105935,8.569562952105935,1.0210164031085197e-05,9.024352993388453,9.024352993388453,9.156027739676384e-06,8.092644357968672,8.092644357968672,8.661502369297702e-06,7.655553289412247,7.655553289412247,7.506657063961823e-06,6.634832010461281,6.634832010461281,6.4742056610915065e-06,5.7222897751304584,5.7222897751304584,5.300058005814016e-06,4.6845079260510705,4.6845079260510705,5.366068353283991e-06,4.742851815039694,4.742851815039694,5.786574264710989e-06,5.114520063362678,5.114520063362678
D4Zay1NE9aLHG2wqhn1mbxF3596BhSxEoGhq57oJcnob,49587.8393566,43024622914324.6,867644637.7290715,49587.8393566,50362.50259413,51734.10074768,60323.49129125,65594.06664227,60611.40621208,56049.64026649,53414.74157439,67167.48818233,68972.22885133,70163.5477567,63155.95960862,53672.48548033,38198.49524823,33565.1522883,22303.56029272,21034.21267168,19822.08126576,17618.07702201,2.0166234564259207e-05,867644637.7290715,867644637.7290715,1.9856042660528055e-05,854298748.0399622,854298748.0399622,1.9329610171002047e-05,831649188.6882565,831649188.6882565,1.6577289851674272e-05,713231644.8097456,713231644.8097456,1.5245281337010167e-05,655922480.7476528,655922480.7476528,1.6498544787114635e-05,709843668.100703,709843668.100703,1.7841327709606424e-05,767616396.996707,767616396.996707,1.8721423534499616e-05,805482187.9912081,805482187.9912081,1.4888155371918074e-05,640557270.7666513,640557270.7666513,1.4498589021321976e-05,623796325.4321446,623796325.4321446,1.4252414992862284e-05,613204780.6863661,613204780.6863661,1.5833818474092387e-05,681244069.1416916,681244069.1416916,1.863152024823747e-05,801614133.0010207,801614133.0010207,2.617904170050617e-05,1126343397.422657,1126343397.422657,2.979280390003104e-05,1281824153.3592548,1281824153.3592548,4.4835891080869506e-05,1929047306.7821403,1929047306.7821403,4.754159405007718e-05,2045459156.7504687,2045459156.7504687,5.044878923624264e-05,2170540133.3735776,2170540133.3735776,5.6759883541814185e-05,2442072586.0475345,2442072586.0475345
DAbeBf9Ut18TsrJV28RXHhd3dKwufNexqthKS1xkBvv6,92992.05543576,20183028.461378,217.04035217632835,92992.05543576,99966.17858418,100009.9837551,97729.15523484,95756.79357177,100724.71146516,107305.40059111,106388.81604722,108599.97475591,111311.27748765,113697.70858823,111861.12021863,111626.51143713,103969.8422294,106277.98664724,121868.08033689,139047.91607505,130387.0819351,112097.90742479,1.0753606803441523e-05,217.04035217632835,217.04035217632835,1.0003383285857179e-05,201.89856956852842,201.89856956852842,9.999001724155416e-06,201.81013638399645,201.81013638399645,1.0232361034913608e-05,206.5200339947566,206.5200339947566,1.0443123278250717e-05,210.77385435061336,210.77385435061336,9.928050281344249e-06,200.37812139436284,200.37812139436284,9.319195441155156e-06,188.0895868259786,188.0895868259786,9.399484242367698e-06,189.71005798598128,189.71005798598128,9.20810527118083e-06,185.84745076360747,185.84745076360747,8.98381567951145e-06,181.32060755135353,181.32060755135353,8.795252010061354e-06,177.5148216440604,177.5148216440604,8.939656585286495e-06,180.4293432957826,180.4293432957826,8.958445329210323e-06,180.80855704915075,180.80855704915075,9.61817367957134e-06,194.12387312126512,194.12387312126512,9.409286264701455e-06,189.90789248172257,189.90789248172257,8.205594091870632e-06,165.61373909874013,165.61373909874013,7.191765459183567e-06,145.15160695025716,145.15160695025716,7.66947143197628e-06,154.79316019530276,154.79316019530276,8.920773125679722e-06,180.04821789308983,180.04821789308983
DDMWgeLgGxGt2f8MEpyHoCD3XwmVfS3ytiYLysmikh1T,62242.03703699,102561404463.721,1647783.5454319962,62242.03703699,62688.28927131,66655.63043579,70974.02093818,69809.60897694,69399.99013533,62498.2825463,62907.99033017,63297.64680365,59955.60772911,71660.34762878,81060.21571492,84431.95730887,76573.42285131,77507.54053159,77220.14518408,79099.57873107,87337.1134449,90715.27253606,1.606631221606239e-05,1647783.5454319962,1647783.5454319962,1.5951942725252534e-05,1636053.649826737,1636053.649826737,1.5002483563084885e-05,1538675.784673875,1538675.784673875,1.4089662481868161e-05,1445055.5725601953,1445055.5725601953,1.4324675566229386e-05,1469158.8445596336,1469158.8445596336,1.440922395017636e-05,1477830.2455623732,1477830.2455623732,1.6000439680229287e-05,1641027.5656413664,1641027.5656413664,1.5896231857853685e-05,1630339.8650224188,1630339.8650224188,1.5798375618954858e-05,1620303.5917254176,1620303.5917254176,1.6679006983269625e-05,1710622.381264343,1710622.381264343,1.3954718796234016e-05,1431215.5586380467,1431215.5586380467,1.2336508004332133e-05,1265249.5871022393,1265249.5871022393,1.1843856661308798e-05,1214722.5734508277,1214722.5734508277,1.3059361365389092e-05,1339386.4430335623,1339386.4430335623,1.2901970481084054e-05,1323244.2128894506,1323244.2128894506,1.2949988602276855e-05,1328169.0188386934,1328169.0188386934,1.2642292361630543e-05,1296611.2602498005,1296611.2602498005,1.1449886085723326e-05,1174316.3979014012,1174316.3979014012,1.1023502129726751e-05,1130585.860533595,1130585.860533595
DJu9j24u2P1BfmPn5KfM4P3rnYKXQb7YgRAMDminyqi8,53035.76761788,523325019.674557,9867.397855822262,53035.76761788,54729.69409192,51512.84438324,54628.96614643,52436.08507984,48982.39402494,44231.71606753,51765.46404263,50016.64857374,45240.89769286,40576.87467803,37610.40787904,46471.77745635,55687.45853964,56412.29613212,63232.28079479,57359.6678211,55988.80632549,42382.11704022,1.8855199894624868e-05,9867.397855822264,9867.397855822264,1.8271616836017264e-05,9561.994240194701,9561.994240194701,1.9412634110442475e-05,10159.117127782285,10159.117127782285,1.830530706584404e-05,9579.62518038164,9579.62518038164,1.907083639973092e-05,9980.245834099442,9980.245834099442,2.041549866857952e-05,10683.94124240027,10683.94124240027,2.2608211683970558e-05,11831.442824320442,11831.442824320442,1.9317898882862866e-05,10109.539812945311,10109.539812945311,1.9993342787165975e-05,10463.016507453796,10463.016507453796,2.2103893843773613e-05,11567.520680677144,11567.520680677144,2.4644579158321463e-05,12897.124872899756,12897.124872899756,2.658838487516889e-05,13914.367037912452,13914.367037912452,2.1518436667056253e-05,11261.136292152922,11261.136292152922,1.795736466027032e-05,9397.53821413916,9397.53821413916,1.7726631755210912e-05,9276.789912059377,9276.789912059377,1.5814707099453457e-05,8276.231903968837,8276.231903968837,1.7433852704986303e-05,9123.571309840285,9123.571309840285,1.786071298227929e-05,9346.957972852924,9346.957972852924,2.359485721421171e-05,12347.779115845706,12347.779115845706
DKmfShi1RtsBSy2DGcBX6gfZe6vdDjW4g2uernisugzM,59453.38002187,1001999129.45498,16853.526731136117,59453.38002187,55110.27707229,46867.32618629,26691.10083287,43773.14052378,33625.83581431,43212.3418734,55528.63520815,91305.07041874,22260.38840459,12023.64312014,3542.68932595,3392.65307727,2855.43730158,2811.43989698,2735.74297685,2736.77039858,2751.30017247,2751.14654489,1.6819901570476714e-05,16853.52673113612,16853.52673113612,1.8145435899156637e-05,18181.710974536094,18181.710974536094,2.1336826343051074e-05,21379.48142106926,21379.48142106926,3.746567090887849e-05,37540.569635143016,37540.569635143016,2.2845059505308845e-05,22890.72973666668,22890.72973666668,2.973903773045946e-05,29798.489916749186,29798.489916749186,2.314153680746391e-05,23187.799735329212,23187.799735329212,1.8008726421088573e-05,18044.728196523647,18044.728196523647,1.0952294274719206e-05,10974.189328803406,10974.189328803406,4.492284599103419e-05,45012.6525756564,45012.6525756564,8.316946785662383e-05,83335.73438957102,83335.73438957102,0.00028227143505784046,282835.73219796404,282835.73219796404,0.00029475457030952307,295343.8228530188,295343.8228530188,0.0003502090553508808,350909.1685888335,350909.1685888335,0.0003556896240514274,356400.6936556994,356400.6936556994,0.0003655314144866869,366262.1591041077,366262.1591041077,0.000365394188901948,366124.65918766044,366124.65918766044,0.00036346452124932726,364191.133879597,364191.133879597,0.0003634848175781139,364211.47078337235,364211.47078337235
DMBS2YZG1mgzwcGE2jgbSsrbSLmQxXMzwCun23WBHCVR,102460.4895505,9054995.09602145,88.37548147335845,102460.4895505,58469.43734917,59242.16018494,31305.31511458,46579.48880309,63269.20811118,88730.49855796,76840.33738696,86885.5824426,57527.57898131,82717.98170957,52817.18582155,75950.96138629,98082.62191169,104254.99523656,79983.4085226,62340.01966897,55127.62642631,47930.21628958,9.75985967261192e-06,88.37548147335845,88.37548147335845,1.710295233436508e-05,154.8671495151644,154.8671495151644,1.687987063399168e-05,152.84714581227115,152.84714581227115,3.1943457407789016e-05,289.2478501774996,289.2478501774996,2.146867700131698e-05,194.39876496499375,194.39876496499375,1.5805476784895854e-05,143.11851477751281,143.11851477751281,1.1270082060305183e-05,102.05053778782275,102.05053778782275,1.3013998038089073e-05,117.84168841452932,117.84168841452932,1.150938938184179e-05,104.21746441077875,104.21746441077875,1.7382966877936714e-05,157.40267983402023,157.40267983402023,1.208926982177934e-05,109.46827895069202,109.46827895069202,1.893323138000262e-05,171.44031729776316,171.44031729776316,1.3166390283250729e-05,119.22159944713981,119.22159944713981,1.0195486014845354e-05,92.32007586597996,92.32007586597996,9.591866535804332e-06,86.85430444340048,86.85430444340048,1.2502592956105908e-05,113.2109179050913,113.2109179050913,1.6041060065589842e-05,145.25172022890152,145.25172022890152,1.8139725303368835e-05,164.255123665181,164.255123665181,2.086366549982374e-05,188.92038878593587,188.92038878593587
DeHLVFCqBNaxkdYvvz1w6QAxsqFRKDhDbu3EaP62PBjZ,146624.48843045,2230539.41506381,15.212598106501467,146624.48843045,189915.77929253,114047.25755517,165077.47883599,147877.97266086,115197.0514078,198667.16264789,287170.68529343,328109.23108382,339750.34041477,484933.04244633,458124.06957498,488240.30725971,773440.91876071,1081736.02866028,1248956.09940471,1070058.00460201,1499861.60129246,1639394.91265013,6.820143147332043e-06,15.212598106501467,15.212598106501467,5.265491912916228e-06,11.744887251459385,11.744887251459385,8.768295015917004e-06,19.558027635910435,19.558027635910435,6.057761525383686e-06,13.512075849425381,13.512075849425381,6.76233236097561e-06,15.083648868917612,15.083648868917612,8.680777743693968e-06,19.362816910718085,19.362816910718085,5.03354448048549e-06,11.227519361199775,11.227519361199775,3.4822495860892052e-06,7.767294954861611,7.767294954861611,3.047765516065399e-06,6.798161111456166,6.798161111456166,2.943337742588254e-06,6.565230846688039,6.565230846688039,2.0621403626268156e-06,4.59968535823309,4.59968535823309,2.182814801518156e-06,4.868854450570935,4.868854450570935,2.048171740699953e-06,4.568527796451098,4.568527796451098,1.2929235779279782e-06,2.883917001233681,2.883917001233681,9.244399497708242e-07,2.061999744823432,2.061999744823432,8.006686547882908e-07,1.7859229929114018,1.7859229929114018,9.345287785328359e-07,2.0845032750289287,2.0845032750289287,6.66728182879194e-07,1.4871634910459144,1.4871634910459144,6.09981153585179e-07,1.3605870055178333,1.3605870055178333
Dgjcb2mehaizpVUFjRQrmAbtjy1DvYJBkgZ7WZRswFfF,69034.32730242,1173822.50590914,17.003461202235712,69034.32730242,75107.08664311,66742.64669706,66810.40238383,60732.5143472,48819.03209389,46244.85164411,46114.46634862,63406.62812049,44629.47270787,30869.29418725,20911.69072559,26493.95768035,17582.81801861,13317.38280104,18168.79146732,12594.93031686,11194.10379106,14654.20929681,1.4485547104982726e-05,17.003461202235712,17.003461202235712,1.3314322851474038e-05,15.628651814000582,15.628651814000582,1.498292395473807e-05,17.587293342396723,17.587293342396723,1.4967729040979823e-05,17.569457210651944,17.569457210651944,1.6465644650954646e-05,19.327744265593008,19.327744265593008,2.0483814551603045e-05,24.04436252754079,24.04436252754079,2.1624028717743015e-05,25.382771577312315,25.382771577312315,2.168516908425474e-05,25.454539515543306,25.454539515543306,1.5771221868157464e-05,18.51261517452962,18.51261517452962,2.2406717788168247e-05,26.301509623306554,26.301509623306554,3.2394650617344913e-05,38.02556996570288,38.02556996570288,4.782014104561534e-05,56.132357795092716,56.132357795092716,3.774445524768384e-05,44.305291043011636,44.305291043011636,5.6873704712269695e-05,66.75963458569288,66.75963458569288,7.508982920592375e-05,88.14213148678674,88.14213148678674,5.50394340646536e-05,64.60652641759256,64.60652641759256,7.939702521905708e-05,93.19801510436477,93.19801510436477,8.933274326066501e-05,104.86078455397164,104.86078455397164,6.82397787383646e-05,80.10138808135238,80.10138808135238
DkBhFQnWvgpajThdkGiDYJsnzV9f2SLmiCzTNe1KUbYY,49616.07674429,806323.12507906,16.251247135775493,49616.07674429,51712.91075767,57884.16326789,54671.89480381,58184.10465703,59538.21027569,52682.74515425,52858.42403146,58641.2016909,53063.86477351,48415.06302843,28728.44435687,31165.58642801,26892.63224549,13453.0692765,17007.33098526,17529.25389544,19003.58931695,22026.69975256,2.0154757603140874e-05,16.251247135775493,16.251247135775493,1.93375307123218e-05,15.592298195271615,15.592298195271615,1.7275882444252737e-05,13.929943520948337,13.929943520948337,1.82909336431177e-05,14.748402775732378,14.748402775732378,1.718682457854366e-05,13.858134104356923,13.858134104356923,1.6795936514878902e-05,13.542952019306652,13.542952019306652,1.898154693860573e-05,15.305260246371436,15.305260246371436,1.8918460365084386e-05,15.254392083259177,15.254392083259177,1.7052856543954164e-05,13.75011258004602,13.75011258004602,1.8845216123406257e-05,15.195333557415221,15.195333557415221,2.0654728868426466e-05,16.654385528850305,16.654385528850305,3.480870692397461e-05,28.067065346900318,28.067065346900318,3.2086673623482736e-05,25.872226949478446,25.872226949478446,3.7184905920382854e-05,29.98304954749394,29.98304954749394,7.433247978190474e-05,59.935997392621466,59.935997392621466,5.879817361505371e-05,47.410327098231235,47.410327098231235,5.704749363349324e-05,45.99871334448604,45.99871334448604,5.2621638119071706e-05,42.43004369494928,42.43004369494928,4.5399447544736124e-05,36.60662442113449,36.60662442113449
Dmb6DBszfiNnQadJ27JkX3DdRF3VFH5NwAEQFX8cvi3w,86582.75979089,90483124029717.2,1045047816.0807896,86582.75979089,75520.64752672,58919.23217234,60604.56769289,63068.25700994,49867.52784397,48984.21524391,32526.76439107,33411.21877114,38852.80475759,40961.89136937,71087.76739002,61181.3578994,78307.5555753,82911.83170649,65255.17281889,42312.86502283,49373.075412,3540.41815742,1.154964339800609e-05,1045047816.0807896,1045047816.0807896,1.3241411888665142e-05,1198124314.25066,1198124314.25066,1.6972386827360186e-05,1535714582.3803701,1535714582.3803701,1.6500406455622948e-05,1493008323.8648777,1493008323.8648777,1.585583695205645e-05,1434685661.5278971,1434685661.5278971,2.0053129626334995e-05,1814469815.163666,1814469815.163666,2.041473962623757e-05,1847189417.6352367,1847189417.6352367,3.074391255081441e-05,2781805252.4941196,2781805252.4941196,2.993006650998861e-05,2708165920.2409844,2708165920.2409844,2.5738167585047957e-05,2328869809.895541,2328869809.895541,2.4412935208059465e-05,2208958644.3602943,2208958644.3602943,1.406711782793153e-05,1272836767.1653748,1272836767.1653748,1.6344848076832354e-05,1478932915.7829065,1478932915.7829065,1.2770159822424888e-05,1155483955.0917826,1155483955.0917826,1.2061004797723266e-05,1091317393.0354085,1091317393.0354085,1.5324455622474744e-05,1386604618.7762794,1386604618.7762794,2.3633474109126096e-05,2138430569.069167,2138430569.069167,2.025395403578511e-05,1832641035.1121354,1832641035.1121354,0.00028245251140863184,25557185622.292347,25557185622.292347
DpBUNH63mHhNGPW28zr6KT7m9i3FTKqZzQFk8yXCQqXF,59101.71636058,9419214.20638499,159.37293849333065,59101.71636058,66405.48891598,66161.9498943,62948.51947416,63085.83520781,61735.23793744,64538.72404437,62993.85601969,65427.20565455,58944.43225707,57483.95188135,60686.63530404,68730.22130868,63506.48688814,54154.2721685,101933.61387346,62880.27681123,51039.43176054,63443.74531313,1.691998238932678e-05,159.37293849333065,159.37293849333065,1.50589961210173e-05,141.84391019698262,141.84391019698262,1.5114427576539006e-05,142.36603095031327,142.36603095031327,1.5885997134698207e-05,149.6336098937406,149.6336098937406,1.5851418891513708e-05,149.30791001430535,149.30791001430535,1.6198204354753757e-05,152.5743565762238,152.5743565762238,1.549457344884144e-05,145.94670635120295,145.94670635120295,1.5874564016011813e-05,149.52591889978643,149.52591889978643,1.5284161840563904e-05,143.9647943413269,143.9647943413269,1.6965130746170798e-05,159.79820053751078,159.79820053751078,1.7396159576224932e-05,163.85815341691819,163.85815341691819,1.6478092663895448e-05,155.2106845138923,155.2106845138923,1.4549640332290173e-05,137.04617891569964,137.04617891569964,1.5746422908913145e-05,148.31893036338076,148.31893036338076,1.846576382540086e-05,173.93298495596585,173.93298495596585,9.810306551491407e-06,92.4053788387996,92.4053788387996,1.590323787858082e-05,149.79600415344837,149.79600415344837,1.959269461877371e-05,184.54778749451606,184.54778749451606,1.5761995056635552e-05,148.4656077584316,148.4656077584316
Dr61KtG9kggxaugEakEVLzUUEdscjFYcsVhCSCjQMSg3,59751.08593288,844590.58213449,14.135150331547804,59751.08593288,62581.71702085,63073.96694276,63124.12562825,46527.93794028,45778.24713272,45166.69868194,44699.48719973,46206.40370779,56344.79429344,53129.59610337,56785.52469399,56051.71273494,72365.56008791,90327.76838797,76482.37959865,75461.11736689,80709.45220146,71402.42514982,1.673609750161406e-05,14.135150331547802,14.135150331547802,1.5979107758689898e-05,13.495803923901647,13.495803923901647,1.5854401561701454e-05,13.390478244391398,13.390478244391398,1.5841803590107376e-05,13.379838116229042,13.379838116229042,2.1492463329957368e-05,18.152332115352873,18.152332115352873,2.184443622537155e-05,18.449605107986297,18.449605107986297,2.2140205708677402e-05,18.699409228069207,18.699409228069207,2.2371621301419322e-05,18.894860658258104,18.894860658258104,2.164202187913206e-05,18.27864785746352,18.27864785746352,1.7747868503912988e-05,14.98968259136625,14.98968259136625,1.8821901037124017e-05,15.896800353822336,15.896800353822336,1.7610121688385787e-05,14.87334292825296,14.87334292825296,1.7840668040401323e-05,15.068060205910745,15.068060205910745,1.3818728118530357e-05,11.6711676259878,11.6711676259878,1.1070792712434393e-05,9.350287261685233,9.350287261685233,1.3074906994887107e-05,11.042943310166018,11.042943310166018,1.3251857842735429e-05,11.192394329759423,11.192394329759423,1.2390122503915478e-05,10.464580778299618,10.464580778299618,1.4005126547197128e-05,11.828597983364423,11.828597983364423
DsktL4KrnnsupVfjb1uW4aoudgN8ooz4DtepPSAbmdN3,122431.135101,7507213.48402439,61.317845969746884,122431.135101,105011.25352131,123151.4716841,114824.27197842,105330.32475469,131797.87382694,168532.21663659,195493.15008105,261229.18442649,574691.2111265,461199.30710883,876061.02182191,810188.17545643,1475113.66890305,1965740.42744,1895867.20058442,2662568.10846551,3251815.88214415,3220542.61437663,8.167856968532117e-06,61.317845969746884,61.317845969746884,9.522788905639235e-06,71.48960927793273,71.48960927793273,8.120081606212012e-06,60.95918612553324,60.95918612553324,8.708960072378594e-06,65.3800224871906,65.3800224871906,9.493942056373215e-06,71.27304982215124,71.27304982215124,7.58737581239794e-06,56.96005000719432,56.96005000719432,5.933583619542154e-06,44.5446789572131,44.5446789572131,5.11526874258974e-06,38.40141447877818,38.40141447877818,3.828056203580119e-06,28.73803514911988,28.73803514911988,1.7400648916133881e-06,13.063038617397465,13.063038617397465,2.1682599791157714e-06,16.277590552088363,16.277590552088363,1.1414729968471133e-06,8.569281473580379,8.569281473580379,1.234281158740236e-06,9.266012157971948,9.266012157971948,6.779138591696717e-07,5.0892440645655705,5.0892440645655705,5.087141649227352e-07,3.8190258384221645,3.8190258384221645,5.27463104848135e-07,3.959778133041289,3.959778133041289,3.755772469521238e-07,2.8195385726117417,2.8195385726117417,3.0752048585869813e-07,2.30862193805215,2.30862193805215,3.105066815560708e-07,2.331039946657402,2.331039946657402
Dv9Re3mTyJYZjLiQxuiTPkqKSHRFEBvcboWn1KnyaSbL,53273.65880112,631898812247517.0,11861374391.545118,53273.65880112,52265.30879647,52511.30487582,49423.22778472,44980.09484306,53616.35575035,49484.94171958,51094.27466606,66066.95350973,69593.10159123,61051.12395311,68835.74089434,72776.78444353,76978.95654566,82805.2043714,86565.00517434,91618.25220357,95095.65887653,112597.03463776,1.8771002827742262e-05,11861374391.545118,11861374391.545118,1.913315013394774e-05,12090214844.194998,12090214844.194998,1.9043518388370353e-05,12033576650.624975,12033576650.624975,2.0233401273503352e-05,12785462232.454166,12785462232.454166,2.223205627931864e-05,14048409956.721401,14048409956.721401,1.865102515837198e-05,11785560644.773811,11785560644.773811,2.0208167681933917e-05,12769517155.9127,12769517155.9127,1.95716644680008e-05,12367311531.036636,12367311531.036636,1.5136160317316966e-05,9564521726.500591,9564521726.500591,1.4369240300191164e-05,9079905878.58995,9079905878.58995,1.637971482340022e-05,10350322341.859646,10350322341.859646,1.4527336918403458e-05,9179806943.858648,9179806943.858648,1.3740645559518147e-05,8682697608.573635,8682697608.573635,1.2990563199006873e-05,8208721455.878748,8208721455.878748,1.207653561864028e-05,7631148513.483626,7631148513.483626,1.1552012247744018e-05,7299702818.418214,7299702818.418214,1.0914855675024916e-05,6897084336.901315,6897084336.901315,1.0515727130072013e-05,6644875483.411496,6644875483.411496,8.88122856181014e-06,5612037779.506552,5612037779.506552
EKAwpKZ2unzbmpAyoE2kinn4hUvdFJDCmZAJTrEtdda8,58579.49140244,1838314530426.05,31381537.913958043,58579.49140244,63387.46852203,57046.71056503,49931.82863672,43547.37801877,48054.71725139,49237.84530149,54738.62697412,50147.81705576,48068.10824263,45196.58190875,52086.76258636,79053.94596893,83639.6263557,82184.8522457,67190.55781616,63089.09028736,61056.66539025,63703.92707504,1.7070820795114436e-05,31381537.913958047,31381537.913958047,1.5775988903113474e-05,29001229.632433623,29001229.632433623,1.7529494515903017e-05,32224724.479608275,32224724.479608275,2.0027305774749803e-05,36816487.2110081,36816487.2110081,2.296349505977088e-05,42214126.63774363,42214126.63774363,2.0809611567760802e-05,38254611.3175367,38254611.3175367,2.0309580849382513e-05,37335397.58228251,37335397.58228251,1.8268635062271334e-05,33583497.2860242,33583497.2860242,1.9941047461509384e-05,36657917.3004082,36657917.3004082,2.0803814349263977e-05,38243954.20653793,38243954.20653793,2.2125566973603404e-05,40673751.26148986,40673751.26148986,1.919873592339315e-05,35293315.213786215,35293315.213786215,1.2649589944479466e-05,23253924.998867854,23253924.998867854,1.1956055324150194e-05,21978990.22896304,21978990.22896304,1.2167692374872171e-05,22368045.694481764,22368045.694481764,1.4883043577880373e-05,27359715.2661816,27359715.2661816,1.5850601038074432e-05,29138390.20427846,29138390.20427846,1.6378228218137962e-05,30108334.91603697,30108334.91603697,1.569761937630706e-05,28857161.79256278,28857161.79256278
ERZB8QJ8EMLJtcuNExUz8yWtwb3sH29KR48PFG2gfoN4,58736.60178937,295431310671.187,5029765.115295679,58736.60178937,54651.00969031,49713.35670315,52635.50637891,51730.94510881,50066.16455598,50250.07968256,67518.66108696,76434.23349941,83832.92003992,71584.05403375,67992.74189391,79294.24238298,83993.62267775,110683.38129247,117889.63935075,112510.59632099,90003.96125222,99341.22121552,1.7025159262464816e-05,5029765.11529568,5029765.11529568,1.829792360043637e-05,5405779.551838162,5405779.551838162,2.0115318423803733e-05,5942694.886512612,5942694.886512612,1.899858230300374e-05,5612776.070670813,5612776.070670813,1.933078929636056e-05,5710920.418132353,5710920.418132353,1.9973569153312702e-05,5900817.713744762,5900817.713744762,1.9900465955819453e-05,5879220.740295078,5879220.740295078,1.4810720234988957e-05,4375550.491007059,4375550.491007059,1.3083142908834418e-05,3865170.057255398,3865170.057255398,1.192848823020616e-05,3524048.912175634,3524048.912175634,1.3969591601064201e-05,4127054.756243603,4127054.756243603,1.470745218012113e-05,4345041.874206993,4345041.874206993,1.2611256125887944e-05,3725759.9264811114,3725759.9264811114,1.1905665788896864e-05,3517306.448426912,3517306.448426912,9.034780003310505e-06,2669156.898003854,2669156.898003854,8.482509620924021e-06,2505998.935090537,2505998.935090537,8.888051727563725e-06,2625808.7711874596,2625808.7711874596,1.1110622089150931e-05,3282425.6461701016,3282425.6461701016,1.0066314745925137e-05,2973904.55901736,2973904.55901736
ERteCS46MzB3qXm2fra1ebJm5t54pgrzfp8HYmfW8osh,47505.35264308,8978211.90775095,188.99369035751778,47505.35264308,79392.97391879,96577.02321706,101440.00543948,81259.03333817,63112.92975743,67170.96607435,82945.64913766,95510.02786485,163103.61492737,163627.31818069,104471.17828144,71059.38086728,57858.73327415,35485.39178901,37676.45143721,31179.85732079,34260.4133872,32455.77434377,2.1050259483668266e-05,188.99369035751778,188.99369035751778,1.2595573016610846e-05,113.08572364268204,113.08572364268204,1.0354429725510046e-05,92.96426425954469,92.96426425954469,9.858043635423589e-06,88.50760475468853,88.50760475468853,1.2306324096157659e-05,110.48878554076514,110.48878554076514,1.5844613834968968e-05,142.25630060683383,142.25630060683383,1.4887384512128692e-05,133.6620929020609,133.6620929020609,1.2056087454814645e-05,108.24210794770369,108.24210794770369,1.0470104787478805e-05,94.00281947834243,94.00281947834243,6.131071959657667e-06,55.04606327547641,55.04606327547641,6.111448938469567e-06,54.869883632979366,54.869883632979366,9.572018009656704e-06,85.93960607550636,85.93960607550636,1.4072737304983472e-05,126.34801764625361,126.34801764625361,1.7283475517200404e-05,155.17470569585066,155.17470569585066,2.8180610374709317e-05,253.01149163390514,253.01149163390514,2.6541777737920946e-05,238.2977049394809,238.2977049394809,3.207198768460122e-05,287.94910173512847,287.94910173512847,2.9188205895192408e-05,262.05789773410294,262.05789773410294,3.081115826749496e-05,276.6291080488224,276.6291080488224
EXUfHD63jo4MxTH8pafbhpwH8Qq478KTEPC4qB7VTmLU,49835.90220203,3323254429554.64,66683942.35309482,49835.90220203,53784.68672843,50645.86497105,54342.23773342,55389.62671695,54021.14639564,54502.39333514,59496.76286407,57948.31574035,58457.62469683,62108.13631919,63008.96115698,54077.50624567,59805.97045176,69076.47100372,72557.12292376,98572.65972664,135436.82849606,108464.73003526,2.006585525322879e-05,66683942.35309482,66683942.35309482,1.8592652682894792e-05,61788115.38560108,61788115.38560108,1.9744948587048838e-05,65617487.85323869,65617487.85323869,1.8401892187538843e-05,61154169.72442539,61154169.72442539,1.805392199355599e-05,59997776.23591889,59997776.23591889,1.851126950687424e-05,61517658.385399565,61517658.385399565,1.834781811967251e-05,60974467.838864565,60974467.838864565,1.680763711942887e-05,55856054.50748898,55856054.50748898,1.7256756943216727e-05,57348593.951292776,57348593.951292776,1.7106408363086078e-05,56848947.36639635,56848947.36639635,1.6100950040760164e-05,53507553.54299418,53507553.54299418,1.5870758407024175e-05,52742568.17653464,52742568.17653464,1.8491976968336447e-05,61453544.37124648,61453544.37124648,1.672073862268665e-05,55567268.69326876,55567268.69326876,1.44767094420059e-05,48109788.77852159,48109788.77852159,1.378224438489324e-05,45801904.70130103,45801904.70130103,1.0144800827868322e-05,33713754.288162984,33713754.288162984,7.38351607243292e-06,24537302.49340058,24537302.49340058,9.21958686178371e-06,30639032.87708648,30639032.87708648
EaVdAkAPnEYoHd8Di5crySXWujgcuZNFuVJmb9QYrwni,64076.07873214,535836.25382702,8.362500708993123,64076.07873214,78732.51962742,81903.1235569,68966.59264855,64361.19351844,70142.06258677,72238.07369499,70688.52588424,77450.1805232,77872.6753704,94420.05268453,147592.11723449,294261.17888505,334580.63920169,327649.93939695,351029.08213267,386579.37407372,518110.87486924,491446.71426099,1.560644814393751e-05,8.362500708993124,8.362500708993124,1.2701232028801123e-05,6.8057805893005545,6.8057805893005545,1.2209546554171123e-05,6.5423176865136545,6.5423176865136545,1.4499773899168044e-05,7.769504527469007,7.769504527469007,1.553731286405514e-05,8.325455519613671,8.325455519613671,1.4256780640902014e-05,7.6392999302545155,7.6392999302545155,1.3843115532430844e-05,7.417643168192376,7.417643168192376,1.414656745901883e-05,7.580243711751875,7.580243711751875,1.2911525747838025e-05,6.9184635879126395,6.9184635879126395,1.2841474820834365e-05,6.880927761609889,6.880927761609889,1.0590970578475881e-05,5.675025999162703,5.675025999162703,6.775429601102812e-06,3.6305208155236306,3.6305208155236306,3.3983415814107077e-06,1.8209546222077044,1.8209546222077044,2.9888160964304503e-06,1.6015160204891896,1.6015160204891896,3.052037799367616e-06,1.6353925009516053,1.6353925009516053,2.8487668142038845e-06,1.5264725377497437,1.5264725377497437,2.5867908819400742e-06,1.3860963356126623,1.3860963356126623,1.9300888062856786e-06,1.034211555513583,1.034211555513583,2.0348085987384082e-06,1.0903242168029965,1.0903242168029965
EcxeBbCzaP17mzudMsqxtDWojGQ8Wubo9raK9LqmnZYu,70179.15150653,569283.70044476,8.111863541008892,70179.15150653,70469.11562468,73277.17374521,69412.28806288,66842.71368474,63920.70925486,63376.90321462,64319.10305016,66051.42643998,66728.78259857,67997.31996157,67383.46568758,60710.42778491,63051.5911259,118701.74706634,117713.12589338,142270.83863737,140025.34412404,225356.53354032,1.4249246087094004e-05,8.111863541008892,8.111863541008892,1.4190613733908926e-05,8.078485098021906,8.078485098021906,1.364681453841372e-05,7.768909079711512,7.768909079711512,1.4406671036317208e-05,8.201482998645005,8.201482998645005,1.4960493745308506e-05,8.516765239809914,8.516765239809914,1.5644382104911772e-05,8.906091735855957,8.906091735855957,1.577861885446805e-05,8.982510529379033,8.982510529379033,1.5547480493005917e-05,8.85092722765113,8.85092722765113,1.5139718457234014e-05,8.618794947026013,8.618794947026013,1.4986036925262742e-05,8.531306555815387,8.531306555815387,1.4706461968871263e-05,8.372149090089163,8.372149090089163,1.4840435851673895e-05,8.448418237854,8.448418237854,1.6471634881949505e-05,9.377033257971203,9.377033257971203,1.5860027988876957e-05,9.02885542266534,9.02885542266534,8.42447583725217e-06,4.795916778938383,4.795916778938383,8.49522933326706e-06,4.836195590969144,4.836195590969144,7.028847299824182e-06,4.00140820070507,4.00140820070507,7.14156430934503e-06,4.065576156988166,4.065576156988166,4.4374129486735445e-06,2.5261468638223694,2.5261468638223694
Ee9vrLJQzktou7YKH9GAaHq8DRcUKrtjRvYXxgfdBLbH,51216.45755855,31728367326.5922,619495.5457495423,51216.45755855,54729.09596307,59247.66509756,59653.07577946,58743.63337257,65007.05939811,62980.02167027,55874.6332865,49773.37032558,42272.7095704,41086.9354914,42644.37485153,48412.90003768,55906.97305771,39924.57566081,43715.94208227,37322.87495694,40771.14241609,26411.69839553,1.952497395699054e-05,619495.5457495423,619495.5457495423,1.8271816524701563e-05,579734.9064198285,579734.9064198285,1.687830226479563e-05,535520.9741066889,535520.9741066889,1.6763594951868755e-05,531881.4983470986,531881.4983470986,1.702312135951305e-05,540115.8475397876,540115.8475397876,1.5382944702603694e-05,488075.72008886567,488075.72008886567,1.5878051062533287e-05,503784.6365424437,503784.6365424437,1.7897209183860763e-05,567849.2271063937,567849.2271063937,2.009106462871112e-05,637456.6785220501,637456.6785220501,2.365592388476123e-05,750563.8424656102,750563.8424656102,2.4338636796343995e-05,772225.2085029155,772225.2085029155,2.34497516608365e-05,744022.3344123861,744022.3344123861,2.065565168006244e-05,655370.1038751624,655370.1038751624,1.7886856420714275e-05,567520.7508344367,567520.7508344367,2.50472292679018e-05,794707.6907253594,794707.6907253594,2.2874950243965415e-05,725784.8239180546,725784.8239180546,2.679322000659692e-05,850105.1262315062,850105.1262315062,2.4527151822102444e-05,778206.4824867615,778206.4824867615,3.7862010425245625e-05,1201299.7744954566,1201299.7744954566
FBW7e4YNuVaUgRJqTCGbQBcYv8WRExGnuLq4Jh4etaYU,68256.68680801,536049.38034578,7.853433933199261,68256.68680801,72527.50603044,85340.67775379,102219.11952461,129117.23939299,185804.30218627,275937.5799959,338856.78254684,369859.39638172,136969.46158893,147804.77491809,149334.92756911,201670.18902869,268693.43124229,350089.02170599,472052.07620781,394091.52768227,119469.07012194,108143.45219989,1.4650579258450748e-05,7.853433933199261,7.853433933199261,1.3787872418779949e-05,7.390980466373663,7.390980466373663,1.1717741484137553e-05,6.281288061623976,6.281288061623976,9.782905631066825e-06,5.2441205015146135,5.2441205015146135,7.744899168393247e-06,4.151648400057747,4.151648400057747,5.38200670400782e-06,2.885021358700226,2.885021358700226,3.6240080094014687e-06,1.9426472478078012,1.9426472478078012,2.951099259350875e-06,1.5819349293139269,1.5819349293139269,2.7037301465985524e-06,1.449332869706359,1.449332869706359,7.300897502256233e-06,3.913641582052507,3.913641582052507,6.765681288403416e-06,3.6267392622656898,3.6267392622656898,6.6963570832229766e-06,3.589578065035752,3.589578065035752,4.958591077919494e-06,2.6580496747068585,2.6580496747068585,3.7217136101040964e-06,1.9950222745207569,1.9950222745207569,2.8564163341283374e-06,1.5311802059190598,1.5311802059190598,2.1184103415737823e-06,1.1355725509187182,1.1355725509187182,2.537481599468015e-06,1.3602154390336483,1.3602154390336483,8.370367317493283e-06,4.486930213808844,4.486930213808844,9.246976859510844e-06,4.956836215612555,4.956836215612555
FGqqc34i9VGdaMF7dA7qQBj8XyadGPZ2WgLZvzxR83yb,56093.07097758,67497045701.4731,1203304.5173877391,56093.07097758,50096.66209289,55883.20168951,57673.38854189,63517.46551829,60581.54787933,54157.05527087,52300.26791745,60309.46133456,31990.89993109,39520.09782529,26700.30122937,35544.32412039,45302.89037993,50811.90907944,64695.07615918,51873.47715041,47507.70654692,50098.60722332,1.7827513854602343e-05,1203304.5173877391,1203304.5173877391,1.996140976709755e-05,1347336.187315615,1347336.187315615,1.789446505867814e-05,1207823.5258690119,1207823.5258690119,1.733901935159694e-05,1170332.581593465,1170332.581593465,1.574370122989318e-05,1062653.3214244382,1062653.3214244382,1.650667629014466e-05,1114151.8839353167,1114151.8839353167,1.846481487958375e-05,1246320.453796505,1246320.453796505,1.912036094305264e-05,1290567.8764018854,1290567.8764018854,1.6581146272433303e-05,1119178.3877332408,1119178.3877332408,3.125888931396272e-05,2109882.6806018306,2109882.6806018306,2.530358108982393e-05,1707916.9692307764,1707916.9692307764,3.745276097859197e-05,2527950.7194183706,2527950.7194183706,2.8133887047984406e-05,1898954.2598378856,1898954.2598378856,2.2073646772061547e-05,1489905.9449720124,1489905.9449720124,1.9680425674158138e-05,1328370.5911530964,1328370.5911530964,1.545712686912269e-05,1043310.3986986422,1043310.3986986422,1.9277674351777983e-05,1301186.0667400742,1301186.0667400742,2.1049216488957865e-05,1420759.9273353901,1420759.9273353901,1.996063474464252e-05,1347283.875589548,1347283.875589548
FLZ5uiCAgtFUUy5RtpNJPHQfg4X9BeXEgpzR5o43sExK,54714.67769122,725163.83457465,13.253552157742423,54714.67769122,53192.18378961,51268.18600131,46610.58079036,54708.46090105,55226.25284599,43676.41879029,33714.53779684,24689.83093758,31720.30085053,35369.03051075,32931.20496065,29346.28162896,33557.78895624,25667.68947566,29860.81565554,51595.49846655,80018.94536225,93818.73044955,1.8276631467034464e-05,13.253552157742423,13.253552157742423,1.879975456460446e-05,13.632902109130852,13.632902109130852,1.9505273698867522e-05,14.14451906989884,14.14451906989884,2.1454356136382234e-05,15.557923164189114,15.557923164189114,1.8278708330118776e-05,13.25505822374053,13.25505822374053,1.810733027259173e-05,13.130781054382263,13.130781054382263,2.2895650048632574e-05,16.60309738434567,16.60309738434567,2.9660795174648018e-05,21.508935965381035,21.508935965381035,4.0502504959558704e-05,29.37095180635237,29.37095180635237,3.152555219170601e-05,22.861190314420792,22.861190314420792,2.8273322326323356e-05,20.502790834321708,20.502790834321708,3.0366334945681922e-05,22.0205678911889,22.0205678911889,3.4075867349857465e-05,24.710586633879757,24.710586633879757,2.979934110986928e-05,21.609404467030814,21.609404467030814,3.895948643715181e-05,28.252010577824073,28.252010577824073,3.348870344117585e-05,24.284796602336357,24.284796602336357,1.938153578743526e-05,14.054788811562364,14.054788811562364,1.2497040488011272e-05,9.06240180112091,9.06240180112091,1.0658852397685546e-05,7.729414276870853,7.729414276870853
FP43srqSMX8xde7beSzhk2jAirLkWhkcbCTmLUss4eqX,46703.58627265,238145305519.172,5099079.632320052,46703.58627265,46774.58382984,49949.4205547,45871.66960179,48228.11738372,37363.75223212,42718.42378198,61760.53993717,55441.55178379,46971.64408469,49957.24679431,84213.92967411,57518.62308455,59578.05129366,40928.42144737,25388.15516105,22428.43851497,26342.07427962,19327.47591178,2.141163194967767e-05,5099079.632320053,5099079.632320053,2.1379131958455752e-05,5091339.911981139,5091339.911981139,2.0020252265086683e-05,4767729.092239964,4767729.092239964,2.1799947738570605e-05,5191555.21450388,5191555.21450388,2.073479236279628e-05,4937893.462114715,4937893.462114715,2.676390727000762e-05,6373698.873702753,6373698.873702753,2.340910341410659e-05,5574768.084482306,5574768.084482306,1.619156828967681e-05,3855945.977179621,3855945.977179621,1.8037013175601266e-05,4295430.013356894,4295430.013356894,2.1289440033161227e-05,5069980.201029272,5069980.201029272,2.0017115917482815e-05,4766982.185781626,4766982.185781626,1.1874520092694728e-05,2827861.215368333,2827861.215368333,1.7385673480570653e-05,4140316.5226870645,4140316.5226870645,1.6784704740861758e-05,3997198.638561618,3997198.638561618,2.443289930655898e-05,5818580.270079654,5818580.270079654,3.9388446842887585e-05,9380173.707325129,9380173.707325129,4.458625148302428e-05,10618006.481379453,10618006.481379453,3.7962082612972785e-05,9040491.762010451,9040491.762010451,5.17398135465017e-05,12321593.704536641,12321593.704536641
FQu6CJcGSwtCR2BTS3eXV39H2xSBk299oZnz1L5APhDy,60324.39415302,1.17494273376244e+16,194770747432.9635,60324.39415302,42816.08686579,47107.60633641,27577.01689677,32252.23558248,18319.42470379,12472.94256143,14778.64745632,7905.89633103,8643.4560038,7861.81349044,7073.88421682,7290.62841084,8907.34722391,9096.06427216,9963.20648699,15916.30614464,9244.17392923,9620.30132318,1.657704174306966e-05,194770747432.9635,194770747432.9635,2.3355707473561738e-05,274416187879.4248,274416187879.4248,2.1227994325559455e-05,249416776851.6639,249416776851.6639,3.6262080258475185e-05,426058677108.0584,426058677108.0584,3.1005602617612595e-05,364298075014.89606,364298075014.89606,5.458686700970014e-05,641364427519.0383,641364427519.0383,8.017354325773083e-05,941993220906.595,941993220906.595,6.766519080691352e-05,795027242672.3209,795027242672.3209,0.00012648787159971747,1486160056451.6455,1486160056451.6455,0.00011569446290469473,1359343685264.1924,1359343685264.1924,0.00012719711568024407,1494493268240.4329,1494493268240.4329,0.0001413650505647576,1660958389690.2188,1660958389690.2188,0.00013716238760888702,1611579506665.6914,1611579506665.6914,0.00011226687080477779,1319071440943.2026,1319071440943.2026,0.00010993765765933124,1291704520336.939,1291704520336.939,0.0001003692938920622,1179281725513.4534,1179281725513.4534,6.28286482373777e-05,738200637186.2327,738200637186.2327,0.00010817624242637932,1271008900045.9856,1271008900045.9856,0.00010394684806706751,1221315938339.093,1221315938339.093
FaWbYmp7iU4kEdCtrJ4S9RVUDDnufpn8HGbMgyEkKy8q,95493.85849659,1126576448.17697,11797.370699155475,95493.85849659,92368.06801705,95592.50257218,97220.03082152,131228.26783197,111373.55520789,137211.06952063,149241.3951626,225239.68486488,225503.90157293,259825.6863518,305785.01894195,401400.65453099,608865.25368066,685386.31007706,761740.37110415,888565.94483062,1040591.6680622,1287902.44380088,1.0471877623791997e-05,11797.370699155477,11797.370699155477,1.0826252204554202e-05,12196.600755674765,12196.600755674765,1.046107145531544e-05,11785.196724254754,11785.196724254754,1.0285946132189935e-05,11587.90465974218,11587.90465974218,7.620309377857829e-06,8584.86107291673,8584.86107291673,8.978792121104503e-06,10115.295736713273,10115.295736713273,7.288041726470529e-06,8210.53616237272,8210.53616237272,6.7005538169251896e-06,7548.68611989022,7548.68611989022,4.439714966747065e-06,5001.678318156043,5001.678318156043,4.434513075050238e-06,4995.817989484431,4995.817989484431,3.84873418036897e-06,4335.893282897377,4335.893282897377,3.270271393478041e-06,3684.2107310392416,3684.2107310392416,2.4912764558603763e-06,2806.6133810700926,2806.6133810700926,1.642399519359802e-06,1850.2886170079285,1850.2886170079285,1.459031184745384e-06,1643.7101698898914,1643.7101698898914,1.3127832499549556e-06,1478.9506909604734,1478.9506909604734,1.1254088746228304e-06,1267.8591327194292,1267.8591327194292,9.609917421904885e-07,1082.630663644359,1082.630663644359,7.764563261863085e-07,874.7374101195103,874.7374101195103
Fcv6JpiRHQrLJSZREm7rhCvRvQTkGLoLWU2iB8ejaVHw,55195.10562578,718743.3267355,13.02186704032316,55195.10562578,46513.89958056,54520.07806359,52936.4278516,53458.56391009,48250.09999861,51499.53361344,55951.90006731,43200.2090514,36809.89655218,32972.8458505,38831.06303067,29708.93874385,32373.19745752,29258.94783806,15318.11028581,22277.44853682,16302.27135527,16515.75607355,1.8117548443152712e-05,13.021867040323158,13.021867040323158,2.149894997017063e-05,15.452226822880517,15.452226822880517,1.83418666208372e-05,13.183094233599354,13.183094233599354,1.8890583301226192e-05,13.577480685897397,13.577480685897397,1.870607676034589e-05,13.44486784090063,13.44486784090063,2.0725345647549088e-05,14.896203878462547,14.896203878462547,1.9417651575373233e-05,13.95630749067458,13.95630749067458,1.7872494031427036e-05,12.845735817208235,12.845735817208235,2.3148036131264802e-05,16.637496496378816,16.637496496378816,2.7166607180828298e-05,19.525817621265055,19.525817621265055,3.032798577757085e-05,21.798037390958203,21.798037390958203,2.5752578527406485e-05,18.50949396280534,18.50949396280534,3.3659903122827246e-05,24.1928307480955,24.1928307480955,3.088975073630575e-05,22.201802206242757,22.201802206242757,3.4177578959254346e-05,24.564906800939696,24.564906800939696,6.528220396260983e-05,46.92114845271163,46.92114845271163,4.4888443950266903e-05,32.263269536794866,32.263269536794866,6.134114555004829e-05,44.08853901840822,44.08853901840822,6.054824226918082e-05,43.51864507653804,43.51864507653804
FfMaraVGFnWyC9Ny8vD9KwMqeTjeA9zCfbkyWhfKJ9dL,53570.7996404,1001093433.73856,18687.296819508236,53570.7996404,44829.95978921,60644.88511919,63873.67846548,65441.04485823,57563.2983216,51080.04887484,58297.60565356,67086.0331202,43992.1673658,38398.27831186,37283.57170056,30127.66360757,26858.46401725,56089.07366454,95016.09097939,105574.43699693,147296.40501128,126303.77118682,1.8666885816762343e-05,18687.296819508236,18687.296819508236,2.2306511197020688e-05,22330.901888953074,22330.901888953074,1.648943679313802e-05,16507.466899657487,16507.466899657487,1.5655901210393602e-05,15673.019900984607,15673.019900984607,1.5280929608724575e-05,15297.638292715315,15297.638292715315,1.7372180350283385e-05,17391.175678390733,17391.175678390733,1.9577115175638763e-05,19598.52145387548,19598.52145387548,1.7153363140548363e-05,17172.11920653601,17172.11920653601,1.490623239278839e-05,14922.531370201481,14922.531370201481,2.273131922973659e-05,22756.174421104362,22756.174421104362,2.6042834313514833e-05,26071.31042720096,26071.31042720096,2.682146463947766e-05,26850.792133832056,26850.792133832056,3.319208595215249e-05,33228.37929878575,33228.37929878575,3.7232211021365345e-05,37272.92197705729,37272.92197705729,1.7828784372172803e-05,17848.27896652285,17848.27896652285,1.0524533157409207e-05,10536.041037046112,10536.041037046112,9.471989891161617e-06,9482.346884479912,9482.346884479912,6.789031951753471e-06,6796.4553083416795,6796.4553083416795,7.917419967776478e-06,7926.077141891593,7926.077141891593
Fj1o6wmMFdqN8ZrQJDECnw5sHK4uWJ42tm29zL2bhwF1,66908.58128861,62684345043046.6,936865553.5028882,66908.58128861,63225.03329799,65027.77999513,62190.98623439,63625.07998549,62538.53120906,63598.91750277,62684345043046.6,46645.5778671,51778.34146301,45389.39269809,49144.23664396,50535.50983652,2875.70966216,2867.7601584,2865.06975914,3131.65760953,2715.56428204,2714.57819642,1.4945766009990593e-05,936865553.5028882,936865553.5028882,1.5816519942138032e-05,991448193.4332079,991448193.4332079,1.5378043046754652e-05,963962556.4295923,963962556.4295923,1.6079500592435146e-05,1007932963.2560769,1007932963.2560769,1.571707257936736e-05,985214400.63167,985214400.63167,1.5990142087877008e-05,1002331583.923824,1002331583.923824,1.572353806110687e-05,985619685.119899,985619685.119899,1.5952946454386337e-14,1.0,1.0,2.1438259439065043e-05,1343843251.8007038,1343843251.8007038,1.9313094466619626e-05,1210628677.3945386,1210628677.3945386,2.2031579198504682e-05,1381035112.3222756,1381035112.3222756,2.034826600817501e-05,1275517727.4841387,1275517727.4841387,1.97880659210712e-05,1240401951.930979,1240401951.930979,0.000347740251096448,21797869885.08541,21797869885.08541,0.0003487041958759643,21858294132.247055,21858294132.247055,0.0003490316411353863,21878819823.871372,21878819823.871372,0.00031931971009758,20016346886.80232,20016346886.80232,0.00036824758913413567,23083358938.55422,23083358938.55422,0.00036838135711795124,23091744097.007427,23091744097.007427
Fo7yRAb7R7yTswj7aeZ5B5AAoNhja6cgaG7fNJaacnJk,40922.97424298,1000624675.10683,24451.4161938872,40922.97424298,45005.63897481,44212.90699874,46570.74652949,44343.56795761,46962.96776575,65096.22995226,59773.37277495,58000.75102901,51124.23785901,48286.32393711,53523.20130359,53923.03338152,54810.49861165,70866.39055174,76196.75219206,80619.34784122,89462.86856275,96257.0937222,2.4436151538314487e-05,24451.4161938872,24451.4161938872,2.2219437892209633e-05,22233.31782194865,22233.31782194865,2.2617829676490136e-05,22631.95847165956,22631.95847165956,2.1472707107384887e-05,21486.12057299112,21486.12057299112,2.2551184896892933e-05,22565.272060727544,22565.272060727544,2.1293373216700713e-05,21306.674656889627,21306.674656889627,1.5361872734156428e-05,15371.468913647746,15371.468913647746,1.6729857352454485e-05,16740.30807788338,16740.30807788338,1.724115605847645e-05,17251.926179479153,17251.926179479153,1.9560193792185064e-05,19572.412558331813,19572.412558331813,2.070979769142168e-05,20722.734586506995,20722.734586506995,1.86834863319905e-05,18695.157440810894,18695.157440810894,1.8544950780582582e-05,18556.5353496926,18556.5353496926,1.824467985750908e-05,18256.076854848146,18256.076854848146,1.411106156549477e-05,14119.876394385681,14119.876394385681,1.3123918949713502e-05,13132.117135185443,13132.117135185443,1.2403970346789486e-05,12411.718798290984,12411.718798290984,1.117782177192979e-05,11184.804278939297,11184.804278939297,1.0388844721263047e-05,10395.334373949143,10395.334373949143
FrZxNHeQehUmwRLk7cYv47hCFooZQLBH52QYjhCBzWjs,13840755.8963189,1202573664.61084,86.88641528102362,13840755.8963189,17878865.8161436,18098627.4010868,20552856.6302879,22255673.7855326,23386143.8649876,28642402.8141815,37076236.6669834,69186617.2829016,77329954.8474526,103307089.860838,103823191.374666,106531138.806205,39164098.5106408,2339639.08011401,4987021.96227202,1288091.18468174,170551.21780341,3733.99089033,7.225038917606812e-08,86.88641528102362,86.88641528102362,5.5931959570783115e-08,67.262301589902,67.262301589902,5.5252808836760254e-08,66.44557280286499,66.44557280286499,4.8655037009616514e-08,58.51126615843058,58.51126615843058,4.493236240055129e-08,54.034475711653286,54.034475711653286,4.2760362964205606e-08,51.42248638995438,51.42248638995438,3.491327199353811e-08,41.985781444824134,41.985781444824134,2.6971453682905894e-08,32.435159895333676,32.435159895333676,1.4453662272734563e-08,17.381593606369847,17.381593606369847,1.2931599429647694e-08,15.551200915390877,15.551200915390877,9.679877744567881e-09,11.64076605226991,11.64076605226991,9.631759405192113e-09,11.582900204551803,11.582900204551803,9.386926782216601e-09,11.28847093992386,11.28847093992386,2.553358912955196e-08,30.70602185019281,30.70602185019281,4.2741635173544387e-07,513.9996484210885,513.9996484210885,2.0052047245134118e-07,241.14063938530637,241.14063938530637,7.763425539218164e-07,933.6091100630974,933.6091100630974,5.863341305206477e-06,7051.099840266259,7051.099840266259,0.0002678099731281408,322061.2208040389,322061.2208040389
Frc1rLZWfKnR9PakaHW9ozVvVa8kEgBZrFryervReca2,91868.72907168,1228614.7590431,13.373590463894205,91868.72907168,121065.53087105,144159.73475708,123807.17777045,155945.39785682,167493.85070914,196649.89162321,253981.11285106,306765.46661688,390850.01185277,395943.58750295,375535.9601693,553765.26744093,530683.79874533,940130.52153048,1041895.87074345,697322.3148965,618397.50248577,707421.61065349,1.0885096703795218e-05,13.373590463894205,13.373590463894205,8.259989385955989e-06,10.148344869124882,10.148344869124882,6.936749722001606e-06,8.522593088239294,8.522593088239294,8.07707612763852e-06,9.923614940331374,9.923614940331374,6.412500873659265e-06,7.878493215754547,7.878493215754547,5.970368438997449e-06,7.33528278107738,7.33528278107738,5.0851795124100286e-06,6.247726601330556,6.247726601330556,3.937300647180098e-06,4.837425685915417,4.837425685915417,3.2598193369950015e-06,4.005062149246152,4.005062149246152,2.558526211268715e-06,3.143443064563368,3.143443064563368,2.5256123133767117e-06,3.103004563835615,3.103004563835615,2.6628608337512543e-06,3.271630121624606,3.271630121624606,1.8058192862496016e-06,2.2186562272509374,2.2186562272509374,1.8843612757055174e-06,2.315154074701083,2.315154074701083,1.0636820921121206e-06,1.3068555172987937,1.3068555172987937,9.59788811991783e-07,1.1792106999775476,1.1792106999775476,1.4340570761003468e-06,1.7619036890070803,1.7619036890070803,1.6170828568684445e-06,1.9867718645441517,1.9867718645441517,1.4135841836613345e-06,1.7367503911962079,1.7367503911962079
FyMvKAdszW7chwcYF1bwBsUUioUHHNm4sU8gAs2bgc8N,75281.21122972,262867790544389.0,3491811386.273397,75281.21122972,79187.24390116,91687.99168168,85403.48678691,73401.82146399,73131.92346896,78962.16515026,82403.30100886,92177.66781097,121887.64233628,134203.83042045,169820.84555969,136165.38819377,146309.90773466,105913.14725035,143285.41471306,116992.28112358,110026.68908795,98474.91683677,1.3283526973928571e-05,3491811386.273397,3491811386.273397,1.2628296563120453e-05,3319572415.8867745,3319572415.8867745,1.090655364632453e-05,2866981659.4631786,2866981659.4631786,1.1709123803049132e-05,3077951503.3182387,3077951503.3182387,1.362364012302593e-05,3581216178.311714,3581216178.311714,1.3673919029689387e-05,3594432883.4173245,3594432883.4173245,1.2664293058543459e-05,3329034735.1059613,3329034735.1059613,1.213543617497168e-05,3190015294.607257,3190015294.607257,1.0848614678022811e-05,2851751370.8792844,2851751370.8792844,8.20427715913206e-06,2156640209.8348413,2156640209.8348413,7.451352147454205e-06,1958720475.5694752,1958720475.5694752,5.888558596585905e-06,1547912387.775705,1547912387.775705,7.344010201600947e-06,1930503735.4302938,1930503735.4302938,6.8348071260734284e-06,1796650648.0279672,1796650648.0279672,9.441698466728316e-06,2481918414.935218,2481918414.935218,6.979077402976266e-06,1834574656.9586434,1834574656.9586434,8.547572458594008e-06,2246881486.708678,2246881486.708678,9.088703916198446e-06,2389127517.363221,2389127517.363221,1.0154870215910712e-05,2669388296.9214716,2669388296.9214716
G8Fq6VcJr9iUMUJJWyeZwdmG5ddkmRsoV1VP4CMQ2Ppw,58329.79231209,11996597786655.2,205668446.7941894,58329.79231209,56590.70613815,59600.84517338,57206.29850108,56225.30930096,55733.94613953,48009.47846098,49222.03818295,57251.4345036,52242.45166202,45532.9152772,48111.78460302,48501.81850484,52848.40223997,51604.73994308,49402.63977176,52127.73038421,51271.44638202,52056.31051572,1.714389783268147e-05,205668446.7941894,205668446.7941894,1.767074610376457e-05,211988833.59696802,211988833.59696802,1.6778285561068486e-05,201282343.42578307,201282343.42578307,1.7480592630567086e-05,209707638.8612823,209707638.8612823,1.778558468477693e-05,213366505.8637635,213366505.8637635,1.79423864496603e-05,215247593.56930697,215247593.56930697,2.0829220230183424e-05,249879777.31117216,249879777.31117216,2.031610304886541e-05,243724116.86947772,243724116.86947772,1.7466811245351757e-05,209542309.12591103,209542309.12591103,1.9141521276019957e-05,229633131.7731144,229633131.7731144,2.1962134291470167e-05,263470891.63127527,263470891.63127527,2.078492843803656e-05,249348426.49553612,249348426.49553612,2.06177836383642e-05,247343257.56173575,247343257.56173575,1.8922047926052263e-05,227000198.26866218,227000198.26866218,1.9378064904561082e-05,232470850.54371828,232470850.54371828,2.024183332348223e-05,242833132.84633034,242833132.84633034,1.918364741049439e-05,230138502.06471077,230138502.06471077,1.9504033347315172e-05,233982043.2852504,233982043.2852504,1.9209966862673056e-05,230454245.94646332,230454245.94646332
GAzjBVMdVatyVuN26JuGtANeybYFR1dUArWrhgf8pkWb,69816.03147538,999270465.95418,14312.908437176979,69816.03147538,62548.16198609,62231.82107729,57625.57694938,57914.9766033,56445.09192292,62024.14218788,58017.56778562,50837.94286641,67022.26092761,67570.49059332,57159.16375593,71493.38821722,86623.44879794,82768.39653508,92051.62677828,99113.98950704,111160.8014717,123416.00365626,1.4323357814353012e-05,14312.908437176979,14312.908437176979,1.5987680025232215e-05,15976.016468340133,15976.016468340133,1.6068949657732673e-05,16057.22681187679,16057.22681187679,1.73534054310368e-05,17340.74553096394,17340.74553096394,1.7266690908807515e-05,17254.09426993089,17254.09426993089,1.771633220768911e-05,17703.407540176544,17703.407540176544,1.6122754216750905e-05,16110.992118637398,16110.992118637398,1.7236158601048008e-05,17223.58423652939,17223.58423652939,1.9670347453431816e-05,19655.997265271428,19655.997265271428,1.4920415786630787e-05,14909.530835336649,14909.530835336649,1.4799359768136116e-05,14788.563131328923,14788.563131328923,1.7495007524427866e-05,17482.24432080692,17482.24432080692,1.3987307427110282e-05,13977.103210132855,13977.103210132855,1.1544218267418845e-05,11535.796367160387,11535.796367160387,1.2081906160597986e-05,12073.091998715427,12073.091998715427,1.086346906620834e-05,10855.543795668827,10855.543795668827,1.008939308137698e-05,10082.032525622455,10082.032525622455,8.995976879984858e-06,8989.414008575499,8989.414008575499,8.102676884476134e-06,8096.76570582663,8096.76570582663
GEj5je4USofSQSb3ejec4Dz3AY28cy98XyhkbtbrcpqB,60308.88668013,16772577174586.4,278111205.460413,60308.88668013,59239.52474575,60013.96498485,60426.19823069,62677.41062662,65695.44122437,68338.82042187,68637.34164962,68927.04332557,71126.15832952,72487.96350685,68373.28998213,67691.83725454,69872.84919896,16772577174586.4,72950.1491469,75551.70837398,78611.13137886,82403.4568923,1.658130426621638e-05,278111205.460413,278111205.460413,1.6880621583172687e-05,283131528.25875276,283131528.25875276,1.6662788406872323e-05,279477904.49806964,279477904.49806964,1.654911328662917e-05,277571279.7709609,277571279.7709609,1.595471143435025e-05,267601628.83089566,267601628.83089566,1.522175635573699e-05,255308083.20934972,255308083.20934972,1.4632971330596408e-05,245432640.9359385,245432640.9359385,1.4569328822564276e-05,244365192.0583853,244365192.0583853,1.4508093656021192e-05,243338120.5017428,243338120.5017428,1.4059524983299468e-05,235814467.82041588,235814467.82041588,1.3795393767759822e-05,231384306.6235599,231384306.6235599,1.462559429656463e-05,245308909.06332096,245308909.06332096,1.4772829938707733e-05,247778430.23401594,247778430.23401594,1.4311710649619311e-05,240044271.37108997,240044271.37108997,5.962112975191358e-14,0.9999999999999999,0.9999999999999999,1.3707991165121487e-05,229918339.72554868,229918339.72554868,1.3235968074342048e-05,222001296.00726375,222001296.00726375,1.2720844776811325e-05,213361350.74500227,213361350.74500227,1.2135413218246219e-05,203542154.74853063,203542154.74853063
GLjbSpBUKqQn3dUKydsRMmJxqtttopaqSyRPJzUTVoAa,109907.00206101,17314126.1355075,157.53433185172617,109907.00206101,99819.90740541,121353.05433193,141111.06093575,118750.21828154,145493.40755024,195966.54466292,219243.0066989,98965.67877387,225987.66366894,300162.82918452,703588.94573987,4886.35842912,4099.58990042,4526.61340592,4655.36725316,3677.15260335,3717.40266111,3082.51653413,9.098601374322759e-06,157.53433185172617,157.53433185172617,1.0018041751317055e-05,173.45363851308397,173.45363851308397,8.240418879484959e-06,142.67565188881997,142.67565188881997,7.086616693040917e-06,122.69857529730349,122.69857529730349,8.42103715236246e-06,145.80289944779852,145.80289944779852,6.873163649388666e-06,119.00282237550041,119.00282237550041,5.102911834875129e-06,88.35245916740202,88.35245916740202,4.561148905302881e-06,78.97230746924605,78.97230746924605,1.0104513124039027e-05,174.95081476750266,174.95081476750266,4.425020303165518e-06,76.61535968118943,76.61535968118943,3.331525101614987e-06,57.68244583297133,57.68244583297133,1.4212844105281306e-06,24.60829755831448,24.60829755831448,0.0002046513808812206,3543.359822383242,3543.359822383242,0.00024392683763260094,4223.380034606311,4223.380034606311,0.0002209157068046012,3824.962412929658,3824.962412929658,0.00021480582424967948,3719.1751357006065,3719.1751357006065,0.00027194955115242406,4708.56883114772,4708.56883114772,0.0002690050261333284,4657.58695355794,4657.58695355794,0.0003244102631495655,5616.880215824759,5616.880215824759
GNq4sJjwbbBdoDNP5LbwQki4QuG2NX3c1LubVStM1Wk4,58345.48707439,402804463727041.0,6903780976.469846,58345.48707439,50874.24493944,57627.58137777,54892.32608641,59992.88770028,58247.28819053,57342.62142976,58656.22202012,53571.85892553,61465.93537762,63164.893255,67414.72694161,62325.77778845,70153.97866923,75338.28931205,71907.39779248,70053.50826399,72831.95754166,64508.53068307,1.7139286175210234e-05,6903780976.469846,6903780976.469846,1.9656311384874333e-05,7917649966.236036,7917649966.236036,1.7352801837103523e-05,6989786038.156096,6989786038.156096,1.8217482684662102e-05,7338083343.251973,7338083343.251973,1.6668642539694466e-05,6714203619.259372,6714203619.259372,1.7168181233243794e-05,6915420034.825416,6915420034.825416,1.74390353120657e-05,7024521266.793555,7024521266.793555,1.7048489751982055e-05,6867207771.903086,6867207771.903086,1.8666516713375494e-05,7518956254.383063,7518956254.383063,1.6269174036910598e-05,6553295923.219672,6553295923.219672,1.5831579038105033e-05,6377030704.396161,6377030704.396161,1.4833554111494529e-05,5975021809.0465975,5975021809.0465975,1.604472556113558e-05,6462887075.300765,6462887075.300765,1.4254359039491037e-05,5741719448.674887,5741719448.674887,1.327346305751669e-05,5346610168.6837,5346610168.6837,1.3906774973083214e-05,5601711035.20542,5601711035.20542,1.4274802572793282e-05,5749954195.143383,5749954195.143383,1.3730236475217604e-05,5530600540.245484,5530600540.245484,1.5501825718415348e-05,6244204595.296346,6244204595.296346
GSfbZr7JgfRgyssAs7NoCB8rWwi3yqeJpBLKaVUmg4du,49273.8686378,524492435222.119,10644433.849461526,49273.8686378,48589.57975389,48862.36480819,50774.49133137,51035.71721913,47962.21317796,47642.49450731,49153.18941157,36748.17666269,32002.35465929,21085.51775526,15155.12499273,19378.0970845,26124.80774185,26046.61404312,23673.05878059,35293.65987807,30787.82612132,32444.7326396,2.0294732840052652e-05,10644433.849461528,10644433.849461528,2.058054432792129e-05,10794339.812748207,10794339.812748207,2.046564884703219e-05,10734078.002180666,10734078.002180666,1.969492896489482e-05,10329841.254324332,10329841.254324332,1.959412063724588e-05,10276968.04906507,10276968.04906507,2.084974678481952e-05,10935534.464934535,10935534.464934535,2.0989665011066236e-05,11008920.516150637,11008920.516150637,2.0344559772648516e-05,10670567.69867838,10670567.69867838,2.7212234478433008e-05,14272611.129428638,14272611.129428638,3.1247700697226947e-05,16389182.633780468,16389182.633780468,4.742591629036663e-05,24874534.32777476,24874534.32777476,6.59842792771228e-05,34608255.32443454,34608255.32443454,5.160465424646221e-05,27066250.77452243,27066250.77452243,3.827779365426963e-05,20076413.208657652,20076413.208657652,3.8392706182251043e-05,20136683.960296154,20136683.960296154,4.2242111983429846e-05,22155668.183114577,22155668.183114577,2.8333700824871326e-05,14860811.744491724,14860811.744491724,3.2480370522409786e-05,17035708.63221544,17035708.63221544,3.082164402795734e-05,16165719.133772628,16165719.133772628
GZ5mn2EFWQ3JsoxX2fJTY1V3575Nov6S82UKdfoxYDQj,56490.84312357,1193774348.90847,21132.174400321255,56490.84312357,59529.95102525,62704.71154852,58488.92747587,51954.20327835,49243.45821486,45727.30246692,45936.99632213,54405.0269658,26322.15066581,34756.68253123,19562.57955274,9182.59319044,7030.14947164,5852.72043708,4475.95880648,4128.27890855,4031.8402376,3613.45703252,1.770198398017473e-05,21132.17440032125,21132.17440032125,1.6798266801460056e-05,20053.340013703742,20053.340013703742,1.5947764933520417e-05,19038.032700058662,19038.032700058662,1.7097253158088028e-05,20410.262256919817,20410.262256919817,1.9247720817551505e-05,22977.43538694455,22977.43538694455,2.030726590396598e-05,24242.29313261816,24242.29313261816,2.1868773053547582e-05,26106.380313425856,26106.380313425856,2.176894616677959e-05,25987.209536670838,25987.209536670838,1.8380654431595415e-05,21942.3537765894,21942.3537765894,3.799081665841637e-05,45352.462420902055,45352.462420902055,2.8771445580327402e-05,34346.61371481082,34346.61371481082,5.111800298646896e-05,61023.36073267321,61023.36073267321,0.00010890169903650966,130004.05486233547,130004.05486233547,0.00014224448627074768,169807.81898368162,169807.81898368162,0.00017086071524354465,203969.139093898,203969.139093898,0.00022341581842805737,266708.0731798071,266708.0731798071,0.00024223169561749306,289169.9847207674,289169.9847207674,0.0002480257006897827,296086.7193535124,296086.7193535124,0.0002767432934722367,330369.044979605,330369.044979605
Gcf4q5YyGkMmPDhWxoRoxnZeuoaC25GJctt2Bc5Cw6NU,66950.89435984,825353.35904889,12.327742100245523,66950.89435984,58247.88163151,46639.98804625,46564.08030776,52760.98331444,45855.04404785,38987.85153932,55710.70964011,41534.09429177,53761.44367305,46662.21474777,24617.36751755,15119.24939263,14215.45545626,12939.38766315,25467.16026005,23958.77465642,18943.63404907,23832.42575932,1.4936320262210608e-05,12.327742100245523,12.327742100245523,1.7168006320405586e-05,14.169671684719324,14.169671684719324,2.1440828822862513e-05,17.69626008974183,17.69626008974183,2.147578118993468e-05,17.725108143311555,17.725108143311555,1.8953399599099452e-05,15.643252024512616,15.643252024512616,2.1807851693621627e-05,17.999183648970632,17.999183648970632,2.564901528342696e-05,21.169500920472757,21.169500920472757,1.794987007812284e-05,14.814985563469845,14.814985563469845,2.407660542625942e-05,19.871707163057945,19.871707163057945,1.8600690972539648e-05,15.352142774815961,15.352142774815961,2.1430615872080747e-05,17.6878307965083,17.6878307965083,4.0621727700457357e-05,33.52727940794182,33.52727940794182,6.614084959055297e-05,54.58957237991029,54.58957237991029,7.034596978457234e-05,58.0602824572485,58.0602824572485,7.728340985160323e-05,63.786121919772796,63.786121919772796,3.9266254650648536e-05,32.40853517318187,32.40853517318187,4.1738361595718746e-05,34.448896944223655,34.448896944223655,5.278818189845116e-05,43.568903247970475,43.568903247970475,4.195963978232203e-05,34.63152963882092,34.63152963882092
GxEurDBEPhjmzYXPJayZ3RKzft6gJLRxkLhApqUmanei,55412.09280863,8251113512762.8,148904563.86945474,55412.09280863,56545.92362319,65133.98774323,73294.96487829,61108.16963822,64941.56395926,80559.50642609,70080.94106976,2667.96675743,2648.50768609,2646.15988312,2646.32776337,2772.39976077,2722.81923466,2724.54714438,2753.90524945,2783.08754656,2783.1276315,2782.96392322,1.804660227242415e-05,148904563.86945474,148904563.86945474,1.7684740754502255e-05,145918803.40918055,145918803.40918055,1.5352967546562348e-05,126679077.98444931,126679077.98444931,1.3643502001270491e-05,112574083.72408925,112574083.72408925,1.6364424035612936e-05,135024720.28882623,135024720.28882623,1.539845884566829e-05,127054431.85721548,127054431.85721548,1.2413184295232227e-05,102422592.6748056,102422592.6748056,1.4269214778445678e-05,117736910.87494777,117736910.87494777,0.00037481726382651044,3092659790.3756995,3092659790.3756995,0.0003775711149535319,3115382128.622003,3115382128.622003,0.000377906114584782,3118146248.6061816,3118146248.6061816,0.00037788214061834017,3117948436.687719,3117948436.687719,0.00036069834305650866,2976162972.4247108,2976162972.4247108,0.0003672663933288508,3030356700.7793384,3030356700.7793384,0.000367033472723248,3028434846.423048,3028434846.423048,0.000363120699305002,2996150108.7993793,2996150108.7993793,0.00035931316685888564,2964733726.382946,2964733726.382946,0.0003593079917290886,2964691025.799547,2964691025.799547,0.0003593291280768599,2964865424.2042537,2964865424.2042537
H4SKJKJVAJ9zTwx8hUGe69wKRiMrBEkaijgBN8qWP68M,76591.74044429,8924425.05036919,116.51941839421298,76591.74044429,82675.82904592,77262.69836971,82245.64191006,76495.51702065,102062.38988252,86406.58987693,62453.2120537,117964.12977805,112842.99745427,121750.46803747,126026.23448374,178831.75267072,240762.22470064,230546.49544059,178456.30751511,223450.43881586,222190.08999584,192508.70917845,1.3056238103472306e-05,116.51941839421298,116.51941839421298,1.2095433593349002e-05,107.94479055556086,107.94479055556086,1.2942856269592045e-05,115.50755071567517,115.50755071567517,1.2158698950803415e-05,108.50939749644759,108.50939749644759,1.307266149635997e-05,116.66598773311169,116.66598773311169,9.797928513638184e-06,87.44087866883918,87.44087866883918,1.1573191366819507e-05,103.28407894676045,103.28407894676045,1.601198668757271e-05,142.8977751007519,142.8977751007519,8.477153198023027e-06,75.65371835625399,75.65371835625399,8.861870231737273e-06,79.08709668923713,79.08709668923713,8.213520786566828e-06,73.30095065936506,73.30095065936506,7.934855818682901e-06,70.81402603932142,70.81402603932142,5.591848120178545e-06,49.90402944158127,49.90402944158127,4.153475493273018e-06,37.067380738260255,37.067380738260255,4.3375198486055155e-06,38.70987079336864,38.70987079336864,5.603612525241392e-06,50.009019992826836,50.009019992826836,4.475265321918098e-06,39.93916994597441,39.93916994597441,4.500650771682583e-06,40.16572048976747,40.16572048976747,5.194570179539405e-06,46.35855223618224,46.35855223618224
H69SaRsGXDkYtUqmbMLD62DF4AkEqD6BZuNG7Begi8ts,49536.74375151,2394726.1418297,48.3424214123219,49536.74375151,41110.70960509,39622.53101819,45552.21458443,45277.38823489,44435.09637837,44334.04477403,35478.8753756,47596.20254338,52258.21460024,40762.94706585,40808.12232915,44834.19947281,81971.16138587,78469.22483262,74894.00936347,122879.21396604,55387.02787417,33153.77548585,2.0187035405804555e-05,48.3424214123219,48.3424214123219,2.432456188681764e-05,58.25066423891658,58.25066423891658,2.52381656169546e-05,60.438494974748686,60.438494974748686,2.195282949737872e-05,52.57101468450298,52.57101468450298,2.2086079585955815e-05,52.89011215501967,52.89011215501967,2.2504733454044614e-05,53.89267351731004,53.89267351731004,2.2556029008789652e-05,54.01551232321764,54.01551232321764,2.818578631406488e-05,67.49723931431696,67.49723931431696,2.1010079513981872e-05,50.31338665405303,50.31338665405303,1.9135747511653554e-05,45.824874809609405,45.824874809609405,2.453208298174718e-05,58.747620429925476,58.747620429925476,2.450492556198013e-05,58.682585846864676,58.682585846864676,2.2304401812871816e-05,53.412934099157894,53.412934099157894,1.2199412367632718e-05,29.214251711730626,29.214251711730626,1.2743849606429341e-05,30.51802980006248,30.51802980006248,1.3352202779622531e-05,31.97486904737326,31.97486904737326,8.138072890638518e-06,19.488455895327654,19.488455895327654,1.8054769110771415e-05,43.23622757426368,43.23622757426368,3.016247728488115e-05,72.23087285644941,72.23087285644941
H71reH9yP2R1azRPEDiv31RsrsnxCP9r9JxxKQviLaz4,47296.80807164,1025392.41638247,21.67994962428159,47296.80807164,48331.95196549,47337.5866309,46285.33184331,48699.9863297,45837.22736883,43726.80162511,18736.01511231,19315.16188623,20097.03761262,16756.13504558,15486.19089502,22747.61175072,29535.22121838,28452.8303277,25233.92214213,33523.78985132,31155.74642076,25163.22123338,2.1143075838972262e-05,21.679949624281587,21.679949624281587,2.069024650016247e-05,21.215621854350537,21.215621854350537,2.1124862317067127e-05,21.661273617044447,21.661273617044447,2.160511678700513e-05,22.153722908452657,22.153722908452657,2.0533886667441293e-05,21.055291667651414,21.055291667651414,2.1816328286034488e-05,22.370297577810135,22.370297577810135,2.286926925443714e-05,23.44997526170863,23.44997526170863,5.337314226134332e-05,54.72841531328416,54.72841531328416,5.17727993112453e-05,53.0874357886425,53.0874357886425,4.975857732246303e-05,51.022067836434346,51.022067836434346,5.967963359568316e-05,61.195043701497994,61.195043701497994,6.457365835013547e-05,66.21333957030147,66.21333957030147,4.39606588576644e-05,45.076926211825935,45.076926211825935,3.3857880819856266e-05,34.7176142274621,34.7176142274621,3.5145888422441364e-05,36.03832745539583,36.03832745539583,3.962919416044413e-05,40.63547515946787,40.63547515946787,2.9829562959171964e-05,30.587007642338364,30.587007642338364,3.209680764809635e-05,32.91182315244486,32.91182315244486,3.974054000182857e-05,40.749648340819206,40.749648340819206
HAUAYJz6ZkzwYshjiZ5zSfb3YSj3st7hYsfHo4UK4Mcx,100029.73349672,268639119257.803,2685592.6719689975,100029.73349672,108519.71116186,106262.92311435,110870.99599697,110843.47299674,113801.35434757,114844.99590159,123502.12886303,136796.27272888,139293.66432379,134533.04560483,127044.14640259,133714.75747425,160960.28387307,193558.14776544,205093.55595173,207987.747662,196062.00253108,192944.10363318,9.997027534146037e-06,2685592.6719689975,2685592.6719689975,9.214915790814019e-06,2475486.8620790993,2475486.8620790993,9.410620098638692e-06,2528060.6949680774,2528060.6949680774,9.019491445962378e-06,2422988.2381966216,2422988.2381966216,9.021731031735272e-06,2423589.878546154,2423589.878546154,8.787241643415054e-06,2360596.85579251,2360596.85579251,8.7073885296395e-06,2339145.1856378517,2339145.1856378517,8.097026417326374e-06,2175178.0453577214,2175178.0453577214,7.310140693540133e-06,1963789.7575632466,1963789.7575632466,7.179077417875134e-06,1928581.0346215586,1928581.0346215586,7.4331179785920055e-06,1996826.2671082974,1996826.2671082974,7.87127961670191e-06,2114533.6236626985,2114533.6236626985,7.4786060932173044e-06,2009046.1541579356,2009046.1541579356,6.2127127011566385e-06,1668977.6682404857,1668977.6682404857,5.1664061241784165e-06,1387898.7909274094,1387898.7909274094,4.875823598452581e-06,1309836.957144713,1309836.957144713,4.80797552375583e-06,1291610.3101148403,1291610.3101148403,5.10042734997302e-06,1370174.3111351624,1370174.3111351624,5.182848198881332e-06,1392315.7753943717,1392315.7753943717
HAqb2AjSap7Kw3ab84TBf9wRyeBH5JkzpfKHkeL5xqxP,42480.14704474,7227091.35234537,170.1286802217001,42480.14704474,45692.88100622,52468.05894538,44357.75994134,36843.20521502,42525.47428184,36267.49234318,34137.70751036,74012.68876721,69956.05183104,79216.33541131,52575.80225167,62625.22582019,67860.7865924,60518.72557667,46576.48123046,30633.25625444,38905.59307674,19181.36661829,2.354040815693981e-05,170.1286802217001,170.1286802217001,2.1885247285323808e-05,158.16668139970366,158.16668139970366,1.905921469366752e-05,137.74268569509834,137.74268569509834,2.2543969788430012e-05,162.92732910549782,162.92732910549782,2.7142046794352364e-05,196.15805167241734,196.15805167241734,2.3515316804521524e-05,169.94734272561925,169.94734272561925,2.7572901664596265e-05,199.2718791792729,199.2718791792729,2.9293121094804718e-05,211.7040621474689,211.7040621474689,1.3511196750941877e-05,97.6466531985689,97.6466531985689,1.4294688934350251e-05,103.30902278190975,103.30902278190975,1.2623658931049546e-05,91.23233629554557,91.23233629554557,1.902015674840675e-05,137.46041035666386,137.46041035666386,1.5968006293042476e-05,115.40224019464372,115.40224019464372,1.4736050821314734e-05,106.4987854584456,106.4987854584456,1.6523811274464455e-05,119.41909356946898,119.41909356946898,2.147006329336064e-05,155.16610876175443,155.16610876175443,3.264426059358478e-05,235.92305343960527,235.92305343960527,2.5703245238481084e-05,185.75970139023894,185.75970139023894,5.213392871842981e-05,376.776665404754,376.776665404754
HCLz7FhQmG5xQ2Ecj4mmgDtRDLs4xU4F67ELo1M3AKTQ,68074.13151349,41873362416749.9,615114162.8366129,68074.13151349,68627.62211476,69674.38736549,73506.2380888,73520.72420298,73724.9608777,80646.50652466,80117.74140762,75562.15516529,77351.92892767,78258.94882746,77670.50464512,77000.85308668,76815.14398543,107338.10063756,109222.60376957,111218.44495384,119880.89796213,133709.18449852,1.4689867909689507e-05,615114162.8366129,615114162.8366129,1.457139223515259e-05,610153187.9791597,610153187.9791597,1.4352476395010315e-05,600986445.6661149,600986445.6661149,1.3604287554369729e-05,569657263.1858038,569657263.1858038,1.3601607041290098e-05,569545021.0901575,569545021.0901575,1.35639271705938e-05,567967238.2086753,567967238.2086753,1.2399793160218554e-05,519221032.8905681,519221032.8905681,1.2481629941516176e-05,522647814.0928637,522647814.0928637,1.3234138145114169e-05,554157862.8236998,554157862.8236998,1.2927925830202332e-05,541335723.5849246,541335723.5849246,1.2778091387410938e-05,535061651.65940875,535061651.65940875,1.287490025420904e-05,539115364.4240005,539115364.4240005,1.2986869104869504e-05,543803876.687093,543803876.687093,1.301826629641775e-05,545118582.667661,545118582.667661,9.316356392187526e-06,390107167.61367285,390107167.61367285,9.155613998268418e-06,383376343.09736204,383376343.09736204,8.991314349117533e-06,376496564.3435222,376496564.3435222,8.341612525424167e-06,349291364.41718656,349291364.41718656,7.4789178002283676e-06,313167435.5340443,313167435.5340443
HDFirpcN1im6LDjbFHp78XndoZ1jjXVdTw36NwmbGz5M,42787.77725085,28370487760.0093,663051.2165584789,42787.77725085,43797.58810462,36054.95234563,42010.0323445,39018.15736219,31824.20039286,39413.01848048,41499.26647662,49527.77090681,47634.48390295,30006.74689911,24467.81040206,20635.26891523,11754.75858926,14164.98821036,12104.61532286,13735.74020704,16719.67796664,13592.21212915,2.3371160276387916e-05,663051.2165584789,663051.2165584789,2.2832307514543585e-05,647763.7008741271,647763.7008741271,2.7735440901815638e-05,786867.9866234219,786867.9866234219,2.3803837897566413e-05,675326.4917141534,675326.4917141534,2.562909341713394e-05,727109.8810909333,727109.8810909333,3.142262767501796e-05,891475.2738414265,891475.2738414265,2.537232717903268e-05,719825.297675698,719825.297675698,2.4096811459628652e-05,683638.2945706465,683638.2945706465,2.0190692649616125e-05,572819.798682044,572819.798682044,2.0993194804784483e-05,595587.176252629,595587.176252629,3.33258384643375e-05,945470.2922445342,945470.2922445342,4.087002406704148e-05,1159502.5175452859,1159502.5175452859,4.846072053182419e-05,1374854.2786893495,1374854.2786893495,8.507193001085301e-05,2413532.149093273,2413532.149093273,7.05965995276028e-05,2002859.9627961337,2002859.9627961337,8.26131168424216e-05,2343774.42019414,2343774.42019414,7.280277472687408e-05,2065450.2292834956,2065450.2292834956,5.980976439828888e-05,1696832.1887906946,1696832.1887906946,7.357154159295304e-05,2087260.5202478892,2087260.5202478892
HDzV5maAnXfF2ej9nqvCGSszQSh5zcUmFEFeLFri16c7,157753.40161223,2161394.04213433,13.701093098754239,157753.40161223,209200.46499222,300265.16194004,247005.71320457,201153.53428304,186725.2814336,232609.14188417,257599.65410832,257327.70539555,462573.49527595,371844.91107449,454368.51271335,566677.62963245,1061039.58127347,976696.71644642,1432466.1672185,1223000.4718308,899891.74810851,602366.51486622,6.339007525543424e-06,13.701093098754239,13.701093098754239,4.780104097938737e-06,10.331688518066683,10.331688518066683,3.3303896913611646e-06,7.198284436893612,7.198284436893612,4.048489352842622e-06,8.750380766878314,8.750380766878314,4.971327019255429e-06,10.744996600920102,10.744996600920102,5.35546120119574e-06,11.575261933146036,11.575261933146036,4.299057173333109e-06,9.291956561237036,9.291956561237036,3.88199279017472e-06,8.390516088292063,8.390516088292063,3.886095352472268e-06,8.39938334199947,8.39938334199947,2.161818630363692e-06,4.672541907843081,4.672541907843081,2.689293224722052e-06,5.812622353466464,5.812622353466464,2.200856731969179e-06,4.756918628069416,4.756918628069416,1.764671742289536e-06,3.8141509901074113,3.8141509901074113,9.424719092946469e-07,2.0370531696284164,2.0370531696284164,1.0238592831952644e-06,2.2129633546821705,2.2129633546821705,6.980967668798462e-07,1.508862192767338,1.508862192767338,8.176611726919663e-07,1.7672879871409857,1.7672879871409857,1.1112447714982478e-06,2.4018378284692377,2.4018378284692377,1.6601188401418542e-06,3.588170970317558,3.588170970317558
HQr78A6KqCaUx2yseGg3ZtmHyABuZFoNLLuHqpsUoDdt,10679794.0215508,1122832636.06064,105.13616964848492,10679794.0215508,10768568.9024939,10748875.7670711,10691825.0031953,10841578.5688628,10860790.5755749,10884439.1188619,10873545.4623986,11241415.1333105,11528414.392627,11934436.1553776,12232016.5630457,12500232.3019933,12503011.9276213,12943117.9412818,12755594.2847779,13715886.0362472,13585142.786322,14594868.1658164,9.363476467636884e-08,105.13616964848494,105.13616964848494,9.286285012007579e-08,104.26943879242883,104.26943879242883,9.303298518562042e-08,104.46047199656066,104.46047199656066,9.35294021087275e-08,105.01786511891808,105.01786511891808,9.22374904768958e-08,103.5672645757911,103.5672645757911,9.207432857134035e-08,103.3840610632716,103.3840610632716,9.18742793339784e-08,103.15943925074257,103.15943925074257,9.196632353799067e-08,103.26278948696776,103.26278948696776,8.895677173568704e-08,99.88356650342611,99.88356650342611,8.674219766419483e-08,97.39697046098098,97.39697046098098,8.379113910206849e-08,94.08342559649934,94.08342559649934,8.175266889525908e-08,91.79456472065645,91.79456472065645,7.999851329487206e-08,89.82494156381335,89.82494156381335,7.998072830681929e-08,89.80497199879575,89.80497199879575,7.726113634571166e-08,86.75132538809596,86.75132538809596,7.839697450971505e-08,88.02668154792217,88.02668154792217,7.29081590031649e-08,81.86366036385193,81.86366036385193,7.360982624391959e-08,82.65151524142591,82.65151524142591,6.851723418387332e-08,76.93338667426268,76.93338667426268
HUeWLcVgZXtfuc3uKbP6B4tuwHa8kvbHhHdNN5VTuSHa,41914.61407168,21683346.6908305,517.3218737920113,41914.61407168,44269.81363928,43003.14193709,34995.92636289,39218.51099727,34727.8111044,34997.3194564,40357.05830791,42061.73626348,50554.93538062,49429.97344781,43708.04957685,42559.98988991,45791.39538138,49929.69946079,42142.64435328,36077.79840916,39728.60520816,31460.93764705,2.385802713797762e-05,517.3218737920113,517.3218737920113,2.258875558294001e-05,489.79981861932123,489.79981861932123,2.3254114814748103e-05,504.22703351656077,504.22703351656077,2.8574754376566786e-05,619.5963057524237,619.5963057524237,2.5498163356319417e-05,552.8855160345041,552.8855160345041,2.879536510359849e-05,624.3798846303683,624.3798846303683,2.8573616937886048e-05,619.5716422751698,619.5716422751698,2.477881297418547e-05,537.2875923065124,537.2875923065124,2.37745772959983e-05,515.5124019370787,515.5124019370787,1.9780462431039824e-05,428.90662459718436,428.90662459718436,2.0230640039809795e-05,438.6679817605927,438.6679817605927,2.287908084852294e-05,496.09504200606335,496.09504200606335,2.349624618301606e-05,509.47725191944005,509.47725191944005,2.1838163953541075e-05,473.5244800958288,473.5244800958288,2.0028159808678682e-05,434.2775327109373,434.2775327109373,2.372893337250132e-05,514.5226889195638,514.5226889195638,2.7717877589395928e-05,601.0163493048731,601.0163493048731,2.517078046814003e-05,545.7867593694651,545.7867593694651,3.178544807591795e-05,689.2148903535201,689.2148903535201
HVnVnNACPonXFgz9Svg3wQRtXWFgMMs8Qk5wEWNkegtV,58657.36838808,37717851.9900461,643.0198460405342,58657.36838808,57262.56580529,58457.322552,60360.16493993,61482.41601773,63073.42360854,53824.24420359,59802.64073276,66772.88343217,66802.52986867,67828.15106823,61091.32078214,55839.92353469,61434.21772191,68883.74256699,92497.79443119,86836.44396533,78624.50624556,98215.37465498,1.704815656549662e-05,643.0198460405342,643.0198460405342,1.746341586229827e-05,658.6825347347894,658.6825347347894,1.71064967799451e-05,645.2203136141695,645.2203136141695,1.6567217816505185e-05,624.8798694897972,624.8798694897972,1.6264813011115647e-05,613.473809799036,613.473809799036,1.5854538136480707e-05,597.9991228023206,597.9991228023206,1.8578988238413598e-05,700.7595285012914,700.7595285012914,1.6721669607680018e-05,630.7054592889272,630.7054592889272,1.4976139243946707e-05,564.8678033855028,564.8678033855028,1.4969492951328993e-05,564.6171195042652,564.6171195042652,1.474314107418431e-05,556.079612904453,556.079612904453,1.6368937308887735e-05,617.4011546509711,617.4011546509711,1.7908333978623015e-05,675.4638903940163,675.4638903940163,1.627757359142474e-05,613.9551114784415,613.9551114784415,1.4517213535944159e-05,547.5581114566355,547.5581114566355,1.0811068589791182e-05,407.7702849239802,407.7702849239802,1.1515902244906024e-05,434.355096405205,434.355096405205,1.271868082550243e-05,479.721320884938,479.721320884938,1.0181705293218012e-05,384.0320532558659,384.0320532558659
HaSBHQLrjrVdJAYSpWBBcC1Rra45rZKyUqr5LCcASzFP,103284.80541175,2783554.69280011,26.950282587098183,103284.80541175,109890.40994708,171751.95222649,246964.16584315,247936.33927639,255694.69309288,374033.17443532,273110.26650404,623773.98994962,765925.34648651,771523.03302706,788875.80190121,958270.3525136,1440865.65269425,1296871.45435913,1955660.72874492,1432266.66690251,1250679.51565993,1595204.85452806,9.68196624869893e-06,26.950282587098183,26.950282587098183,9.099975152350152e-06,25.330278539688663,25.330278539688663,5.822350122002083e-06,16.206830005224194,16.206830005224194,4.049170439711129e-06,11.2710873794054,11.2710873794054,4.0332933966780805e-06,11.226892761762967,11.226892761762967,3.910914176215438e-06,10.88624350834296,10.88624350834296,2.67355964216197e-06,7.441999488420935,7.441999488420935,3.661524748961451e-06,10.192054397775392,10.192054397775392,1.6031447545300286e-06,4.462441104709942,4.462441104709942,1.3056102720549053e-06,3.63423759974646,3.63423759974646,1.2961375839636489e-06,3.6078698543566117,3.6078698543566117,1.267626662638118e-06,3.5285081455048757,3.5285081455048757,1.04354684184577e-06,2.9047697087765276,2.9047697087765276,6.94027231567438e-07,1.9318627573606109,1.9318627573606109,7.71086445490595e-07,2.146361293899902,2.146361293899902,5.113361358141949e-07,1.4233321004438768,1.4233321004438768,6.98194004725844e-07,1.9434611983395254,1.9434611983395254,7.995653462608628e-07,2.2256338717847695,2.2256338717847695,6.268787342023537e-07,1.7449512424055544,1.7449512424055544
HaVsgzncv6ZVx9UcLgCY9K8eGYufKqukChiTPNWhLwiS,57369.57213723,40110163054072.3,699153951.47322,57369.57213723,51864.91604925,43871.69566358,43795.61771348,47333.32046188,47401.60719427,37484.45875708,38809.39493396,61147.10707694,67596.86170871,85943.19790041,75663.90054585,114333.85161021,93720.44613494,79643.95673897,104280.20463037,112926.86928255,109321.4450457,117146.56876004,1.743084291456742e-05,699153951.47322,699153951.47322,1.928085642807978e-05,773358295.1524379,773358295.1524379,2.2793739445775468e-05,914260605.7820935,914260605.7820935,2.283333475376936e-05,915848780.0419048,915848780.0419048,2.1126766308426478e-05,847398041.436267,847398041.436267,2.1096331099104208e-05,846177280.227766,846177280.227766,2.6677722799215336e-05,1070047811.3878691,1070047811.3878691,2.576695673049399e-05,1033516835.8673395,1033516835.8673395,1.6354003448466057e-05,655961744.9048342,655961744.9048342,1.4793586192051692e-05,593373154.3176658,593373154.3176658,1.163559216354491e-05,466705498.9104722,466705498.9104722,1.3216342176201063e-05,530109639.66583735,530109639.66583735,8.746316037784037e-06,350816162.3979653,350816162.3979653,1.0670030300113875e-05,427976655.1294595,427976655.1294595,1.2555880457791186e-05,503618412.44944435,503618412.44944435,9.589547733863627e-06,384638323.22007954,384638323.22007954,8.855288438909417e-06,355187063.17549807,355187063.17549807,9.147336092950168e-06,366901142.1986319,366901142.1986319,8.536314896669096e-06,342392982.3863038,342392982.3863038
HdHHV4LAL9a4KX4XeyH3aV685zNMoUaPbpgoHbKEmkQA,48136.19021825,102968362261.213,2139104.9394302573,48136.19021825,47996.44734591,54220.26180482,51773.22664418,50351.09584799,50421.28848461,48807.90997639,45537.82499753,62038.47174641,97645.16205741,84937.78221722,85203.40636364,81205.91641311,96832.4183699,77436.23929563,63106.9506863,89024.25276127,87734.58094592,96848.42236461,2.0774390234582117e-05,2139104.9394302573,2139104.9394302573,2.083487539802703e-05,2145332.9976512818,2145332.9976512818,1.8443289772368884e-05,1899075.3425698038,1899075.3425698038,1.9315002460106728e-05,1988834.1703884897,1988834.1703884897,1.9860540930807162e-05,2045007.3732670003,2045007.3732670003,1.9832892614500088e-05,2042160.471417581,2042160.471417581,2.0488482307145154e-05,2109665.468384575,2109665.468384575,2.1959766415155767e-05,2261161.183407378,2261161.183407378,1.6119030205766913e-05,1659750.1415268423,1659750.1415268423,1.0241162787072388e-05,1054515.7598353236,1054515.7598353236,1.1773323648156937e-05,1212279.8544219292,1212279.8544219292,1.173661996249417e-05,1208500.5360202838,1208500.5360202838,1.2314373683227822e-05,1267990.8904345501,1267990.8904345501,1.032711995460031e-05,1063366.6286002863,1063366.6286002863,1.2913850273413697e-05,1329718.0131399261,1329718.0131399261,1.5846115033681887e-05,1631648.5132210099,1631648.5132210099,1.1232894059573054e-05,1156632.7047679457,1156632.7047679457,1.1398014206238753e-05,1173634.8558464441,1173634.8558464441,1.0325413420109736e-05,1063190.9095386495,1063190.9095386495
HfscVzgZMvXSkbhUT3MqJTRHSSztQvtrLwaBD5xEdAS3,58909.14158516,22176510692.6392,376452.78976914776,58909.14158516,47456.98930508,53581.385726,54419.99908046,52329.10493164,47493.61250206,50053.57333225,50136.58792368,47289.76038137,45368.4540986,40417.87813705,37124.58495465,33272.20578418,31679.28549546,27938.67645874,35636.23720297,37896.13135335,37849.95781367,37436.98853067,1.697529403911588e-05,376452.78976914776,376452.78976914776,2.1071711767711226e-05,467297.0413288592,467297.0413288592,1.8663197796221924e-05,413884.60548675584,413884.60548675584,1.837559751740347e-05,407506.6348283324,407506.6348283324,1.9109824280509814e-05,423789.2224911821,423789.2224911821,2.1055462983714403e-05,466936.6999968113,466936.6999968113,1.997859360334001e-05,443055.49466836284,443055.49466836284,1.9945513674010716e-05,442321.89726188,442321.89726188,2.1146226835058234e-05,468949.5255166429,468949.5255166429,2.2041747286047785e-05,488809.04437348974,488809.04437348974,2.4741526425736003e-05,548680.7253325498,548680.7253325498,2.693632807535929e-05,597353.7675836427,597353.7675836427,3.0055115867174395e-05,666517.598396903,666517.598396903,3.1566368507374046e-05,700031.9087315698,700031.9087315698,3.5792676201995675e-05,793756.6665117297,793756.6665117297,2.80613240478896e-05,622302.2527976373,622302.2527976373,2.638791782400766e-05,585191.9417805903,585191.9417805903,2.6420108707197477e-05,585905.8232458548,585905.8232458548,2.671155024076674e-05,592368.9795313327,592368.9795313327
HkFSdUxC2MmVMLCUKq8sVTLE21tCkFP5z4PJ58V4gsvH,50342.29676513,1110559418.88171,22060.16590905618,50342.29676513,50950.75882955,52272.90224105,58092.38798842,62786.0318478,62622.6116249,62829.28427486,64754.96192504,53196.9532639,63040.3100123,55169.79613562,56190.91060995,53418.32127379,63367.20215948,50038.61038256,54253.39604944,56273.73479082,56875.66226581,47924.03237014,1.9864012257236904e-05,22060.16590905618,22060.16590905618,1.962679306397353e-05,21796.71989963802,21796.71989963802,1.9130370749047455e-05,21245.413422053807,21245.413422053807,1.721395925743899e-05,19117.124589594878,19117.124589594878,1.5927109431347822e-05,17688.00139454304,17688.00139454304,1.5968672881128773e-05,17734.160075178494,17734.160075178494,1.5916145019658162e-05,17675.824763868593,17675.824763868593,1.5442832028186422e-05,17150.18256311057,17150.18256311057,1.8798069036758357e-05,20876.372625560627,20876.372625560627,1.5862866153495862e-05,17616.655417224712,17616.655417224712,1.81258599821861e-05,20129.844528547837,20129.844528547837,1.779647258150903e-05,19764.040248264955,19764.040248264955,1.8720168963652094e-05,20789.859965640895,20789.859965640895,1.5781034445599168e-05,17525.776443256862,17525.776443256862,1.9984567763866816e-05,22194.049962442088,22194.049962442088,1.843202587887255e-05,20469.85994885334,20469.85994885334,1.7770279575670375e-05,19734.95135892201,19734.95135892201,1.758221285101652e-05,19526.092086479443,19526.092086479443,2.0866357661152685e-05,23173.330038347645,23173.330038347645
Hti4CHxe2bggoE3gE1KrWKAcmJnUdsbBJbamKNZN73Bc,46714.97096756,6784695.28155375,145.23599482198554,46714.97096756,41076.47592443,46079.02193524,48809.65385233,44740.01152181,55142.47126939,65530.89869082,61595.76477571,37858.66207234,33036.66070261,36982.94431429,19751.30462852,15707.64750869,23153.77509068,24790.90102984,31097.39037055,23117.34422547,25960.69187123,25353.57507112,2.1406413817412494e-05,145.23599482198554,145.23599482198554,2.4344834299800672e-05,165.1722824040655,165.1722824040655,2.1701849518538212e-05,147.24043602941572,147.24043602941572,2.0487750292706974e-05,139.00314274058047,139.00314274058047,2.2351357677065344e-05,151.64715096790542,151.64715096790542,1.8134841928187347e-05,123.0393764618958,123.0393764618958,1.5259976896060584e-05,103.53429324332149,103.53429324332149,1.6234882441046424e-05,110.1487302943475,110.1487302943475,2.6414034338804916e-05,179.21117414528845,179.21117414528845,3.026940310347398e-05,205.36867641158832,205.36867641158832,2.7039491272024163e-05,183.45470884891614,183.45470884891614,5.0629566948000224e-05,343.5061839792068,343.5061839792068,6.366325698655805e-05,431.93579928504425,431.93579928504425,4.318950132682796e-05,293.0276058647891,293.0276058647891,4.0337380186235775e-05,273.6768330197936,273.6768330197936,3.2157039162585966e-05,218.17571187513616,218.17571187513616,4.325756411492242e-05,293.48939114202295,293.48939114202295,3.851977462542953e-05,261.3449331476656,261.3449331476656,3.944216928756094e-05,267.60309985955894,267.60309985955894
HuS8oBczwgMg2TuZWCTG9gwce2PuoZrwz5zRimSToay9,85718.3881426,8136343091966.1,94919459.73634717,85718.3881426,83242.20994808,73117.00460364,73368.49642892,81677.2471164,76658.67772665,79101.30348464,81319.49289816,83491.33913456,98733.32991038,101135.97431097,105469.64983037,113495.76436294,109405.67052296,102076.64250911,102008.83542358,98798.721453,105011.52449921,101539.15976658,1.1666108307314563e-05,94919459.73634717,94919459.73634717,1.2013136131581827e-05,97742997.17704415,97742997.17704415,1.367670906953725e-05,111278397.35875951,111278397.35875951,1.3629828177940217e-05,110896958.34026878,110896958.34026878,1.2243311758229051e-05,99615785.04685426,99615785.04685426,1.3044837579455863e-05,106137274.12542549,106137274.12542549,1.2642016704493137e-05,102859785.28212278,102859785.28212278,1.2297174568615969e-05,100054031.35205974,100054031.35205974,1.1977290223939706e-05,97451342.57402493,97451342.57402493,1.0128292045935224e-05,82407259.02136025,82407259.02136025,9.887678512150667e-06,80449544.75791872,80449544.75791872,9.481400588779141e-06,77143928.18267648,77143928.18267648,8.81090149586703e-06,71688517.51989149,71688517.51989149,9.140294056240338e-06,74368568.40302987,74368568.40302987,9.796560461035475e-06,79708177.03217421,79708177.03217421,9.803072408851787e-06,79761160.47380471,79761160.47380471,1.0121588470916748e-05,82352716.43506719,82352716.43506719,9.522764332475937e-06,77480477.79296176,77480477.79296176,9.848417125952366e-06,80130100.64954317,80130100.64954317
Hwsoco2EBQewDyTcGZBPFQaeAfq2BRtWkmZnkSvAmNux,121213.99662625,18271186.3426651,150.7349551306545,121213.99662625,174482.63474262,314683.54201383,337774.32912687,336138.34143191,305309.03273126,241377.4816747,270000.80727208,273680.0228904,252576.0128219,238063.84699482,237940.76295947,238460.78673534,234172.96847146,185119.50869636,196736.62280974,153303.53244881,123944.87130343,107616.45815349,8.24987235660078e-06,150.7349551306545,150.7349551306545,5.7312293654615194e-06,104.71635970890168,104.71635970890168,3.177795678796736e-06,58.06209700621108,58.06209700621108,2.9605565425441024e-06,54.092880266819606,54.092880266819606,2.9749655922621533e-06,54.35615069923884,54.35615069923884,3.2753698475741558e-06,59.84489282617398,59.84489282617398,4.14288852904548e-06,75.69548831107967,75.69548831107967,3.7036926300457296e-06,67.67085819952091,67.67085819952091,3.6539020621189716e-06,66.761125454824,66.761125454824,3.9592041573050495e-06,72.3393569267749,72.3393569267749,4.200553812027405e-06,76.74910144194493,76.74910144194493,4.202726710472625e-06,76.78880287434124,76.78880287434124,4.193561606881168e-06,76.6213455587719,76.6213455587719,4.270347711468994e-06,78.02431878422344,78.02431878422344,5.401915805860515e-06,98.69941029626537,98.69941029626537,5.082937714993104e-06,92.87130215879935,92.87130215879935,6.523006900274217e-06,119.18307458940048,119.18307458940048,8.068103096834846e-06,147.41381511410282,147.41381511410282,9.292258983042641e-06,169.78059542347577,169.78059542347577
J9tEVVF875t1knwb2qrzrWFY8reQ2ZuB4z16ANoZ1Lxu,57082.67133173,494308739001362.0,8659523590.420958,57082.67133173,59020.28633425,58111.37305825,51350.58228129,51373.6325664,54907.94283644,55410.61589896,53174.96415048,59266.00456497,60991.4932518,62475.19820519,83396.68960116,76395.38271949,72374.71814723,87369.20734822,91200.40556651,103657.66338807,114369.46182768,129546.65871785,1.7518451338561296e-05,8659523590.420956,8659523590.420956,1.694332681371102e-05,8375234511.7734585,8375234511.7734585,1.7208335431992192e-05,8506230587.700519,8506230587.700519,1.9473975865008994e-05,9626156453.175554,9626156453.175554,1.9465238295296873e-05,9621837396.109219,9621837396.109219,1.821230132366831e-05,9002499701.615318,9002499701.615318,1.804708328496975e-05,8920830981.245955,8920830981.245955,1.88058424857626e-05,9295892284.99555,9295892284.99555,1.68730793874211e-05,8340510595.065997,8340510595.065997,1.6395729087523e-05,8104552170.261445,8104552170.261445,1.6006351780040084e-05,7912079564.40382,7912079564.40382,1.199088362838434e-05,5927198565.85874,5927198565.85874,1.3089796325411692e-05,6470400715.398915,6470400715.398915,1.3816979542023585e-05,6829853734.225295,6829853734.225295,1.1445680124055437e-05,5657699709.134796,5657699709.134796,1.0964863519940456e-05,5420027859.863802,5420027859.863802,9.647140088969924e-06,4768665652.34821,4768665652.34821,8.743592773975765e-06,4322034318.445381,4322034318.445381,7.719226492579632e-06,3815681113.612944,3815681113.612944
KQiUk7sPFQ6KJ4m6hJ6Y13TRCkMYcDE6he1REqxNSRu,100960.52010399,14590644143738.3,144518313.97768,100960.52010399,113417.41947306,91690.41708189,81310.15071379,79949.1295748,73280.41729999,82867.90190768,61986.58314934,48457.65441646,52811.73557788,53442.21401967,57039.40642452,58199.58705199,55705.2779763,56570.41851174,38053.36423777,20128.88248512,23495.78937781,4278.4435012,9.904861811032604e-06,144518313.97768,144518313.97768,8.81698776648264e-06,128645530.92044216,128645530.92044216,1.0906265145537357e-05,159129433.67579177,159129433.67579177,1.2298587460746183e-05,179444313.1103896,179444313.1103896,1.250795356145066e-05,182499099.3815307,182499099.3815307,1.3646210499952167e-05,199107001.3153472,199107001.3153472,1.2067398558178319e-05,176071118.10304052,176071118.10304052,1.613252334929914e-05,235383907.3301729,235383907.3301729,2.0636574593679095e-05,301100916.2420825,301100916.2420825,1.893518531549352e-05,276276550.734105,276276550.734105,1.8711799620276566e-05,273017209.54839283,273017209.54839283,1.7531739242821463e-05,255799368.51281992,255799368.51281992,1.7182252497886192e-05,250700131.78451595,250700131.78451595,1.795162031909173e-05,261925703.87936923,261925703.87936923,1.767708329385032e-05,257920031.83979133,257920031.83979133,2.6278885455479556e-05,383425866.1749624,383425866.1749624,4.967985682956996e-05,724861112.1121222,724861112.1121222,4.2560817341358385e-05,620989740.2944062,620989740.2944062,0.0002337298598706572,3410269211.138578,3410269211.138578
Mq5TqkRAaUMgkaiFZJfkFgPzAwwH5zvdX42uB2vLZ6k,55345.46976631,1137417671601.11,20551233.486746572,55345.46976631,56878.84662218,45973.98435131,47427.04109136,49746.92679219,52212.01729091,46022.19210509,50687.24302571,50409.36201479,44437.18848333,44958.36343952,50495.05302474,51185.07692207,50210.85454447,48098.7162738,55394.37848687,52825.37990646,57428.88421549,54798.45833479,1.8068326174163613e-05,20551233.486746572,20551233.486746572,1.7581228512640908e-05,19997199.99873507,19997199.99873507,2.1751432122099847e-05,24740463.278308403,24740463.278308403,2.1085017681657027e-05,23982471.717138574,23982471.717138574,2.0101744258039163e-05,22864079.14909989,22864079.14909989,1.9152678863723925e-05,21784595.398100663,21784595.398100663,2.172864772969824e-05,24714547.90775412,24714547.90775412,1.9728829983764786e-05,22439919.86354791,22439919.86354791,1.9837584925328e-05,22563619.65595586,22563619.65595586,2.2503673930116805e-05,25596076.40406406,25596076.40406406,2.224280252872738e-05,25299356.66210838,25299356.66210838,1.9803920188182613e-05,22525328.789016888,22525328.789016888,1.9536944362172474e-05,22221665.76662265,22221665.76662265,1.991601236569943e-05,22652824.412572764,22652824.412572764,2.0790575663340794e-05,23647568.16224379,23647568.16224379,1.805237331504726e-05,20533088.42287507,20533088.42287507,1.8930294524539902e-05,21531651.52082542,21531651.52082542,1.741284048367903e-05,19805672.478907753,19805672.478907753,1.8248688565114762e-05,20756380.857506637,20756380.857506637
Xf7k6Eq68tJzEXeZs6moPd59HDwRQH7Jm9d7URd8KKU,50562.20353543,439041.30393815,8.683191657786523,50562.20353543,51101.27660828,45655.66153885,47287.42254257,51526.9005468,45002.78756898,47574.84726477,49427.36787572,53220.821865,50598.68759682,53347.7678701,50994.18415783,43443.45193619,26814.24247043,20475.63294996,15151.08233816,16512.07121592,16413.26756885,22592.08915655,1.97776190529212e-05,8.683191657786523,8.683191657786523,1.9568982741185937e-05,8.591591699433426,8.591591699433426,2.1903088604883427e-05,9.616360581360855,9.616360581360855,2.114727228154084e-05,9.284525997222786,9.284525997222786,1.940733848510326e-05,8.520623194468776,8.520623194468776,2.222084573021629e-05,9.755869084002633,9.755869084002633,2.1019510465996123e-05,9.228433283132528,9.228433283132528,2.0231706501434517e-05,8.882554803283757,8.882554803283757,1.8789638433931012e-05,8.24942735855945,8.24942735855945,1.9763358448507418e-05,8.67693066342975,8.67693066342975,1.8744926731235803e-05,8.22979707430685,8.22979707430685,1.9610079394641185e-05,8.609634827753913,8.609634827753913,2.3018428679857344e-05,10.106040942211877,10.106040942211877,3.729361368693418e-05,16.37343678167722,16.37343678167722,4.883853907929882e-05,21.44213587980965,21.44213587980965,6.600188538883246e-05,28.977553823489334,28.977553823489334,6.056175430226202e-05,26.58911157764698,26.58911157764698,6.0926320478553274e-05,26.74917118705764,26.74917118705764,4.4263281411054256e-05,19.433408787290535,19.433408787290535
ueqQr6LsB5SdCQUeDPf8m3Q7VBTFBZFLkCz1knza2Si,56666.41679481,6372430.0463021,112.45514374725282,56666.41679481,48030.44344141,48863.52228156,44287.30301776,46365.1351403,47713.33033664,56426.15653888,59400.14816671,55488.39466994,52293.41556821,49577.79195204,58306.99675045,60543.70626291,64683.3339214,55719.23421662,48730.04007507,48572.27515093,41479.54842637,47342.06707189,1.7647136638637588e-05,112.4551437472528,112.4551437472528,2.0820128409179717e-05,132.67481184252478,132.67481184252478,2.0465164059148836e-05,130.41282635302187,130.41282635302187,2.2579835118859735e-05,143.8884197519691,143.8884197519691,2.156793023408687e-05,137.44012666024267,137.44012666024267,2.095850348203593e-05,133.55659731445294,133.55659731445294,1.7722277421304744e-05,112.93397312842364,112.93397312842364,1.683497484203981e-05,107.27969951215442,107.27969951215442,1.8021786464507955e-05,114.84257355447097,114.84257355447097,1.9122866409359497e-05,121.8591284784236,121.8591284784236,2.01703214408453e-05,128.53396239321404,128.53396239321404,1.7150600369282135e-05,109.29100110533336,109.29100110533336,1.6516993453580745e-05,105.25338535817302,105.25338535817302,1.5459932866403434e-05,98.51734071168259,98.51734071168259,1.794712389822685e-05,114.36679157376724,114.36679157376724,2.0521222606414275e-05,130.7700555239682,130.7700555239682,2.0587876456119708e-05,131.1948025185328,131.1948025185328,2.410826631285757e-05,153.62824061630633,153.62824061630633,2.112286306555811e-05,134.60396726288738,134.60396726288738
